Entity,Code,Year,Fertilizers indicators - Nutrient phosphate P2O5 (total) - 3103 - Use per area of cropland - 5159 - kg/ha
Afghanistan,AFG,2002,0
Afghanistan,AFG,2003,0.84
Afghanistan,AFG,2004,1.36
Afghanistan,AFG,2005,1.16
Afghanistan,AFG,2006,0.56
Afghanistan,AFG,2007,0
Afghanistan,AFG,2008,0
Afghanistan,AFG,2009,0.07
Afghanistan,AFG,2010,0.12
Afghanistan,AFG,2011,0.87
Afghanistan,AFG,2012,0.16
Afghanistan,AFG,2013,0.38
Afghanistan,AFG,2014,0.65
Afghanistan,AFG,2015,1.28
Afghanistan,AFG,2016,1.14
Afghanistan,AFG,2017,2.11
Africa,,2002,4.61
Africa,,2003,4.26
Africa,,2004,4.44
Africa,,2005,3.86
Africa,,2006,4.07
Africa,,2007,4.29
Africa,,2008,4.82
Africa,,2009,4.43
Africa,,2010,5.8
Africa,,2011,5.46
Africa,,2012,5.96
Africa,,2013,5.21
Africa,,2014,5.39
Africa,,2015,4.97
Africa,,2016,5.24
Africa,,2017,6.04
Albania,ALB,2002,26.02
Albania,ALB,2003,28.65
Albania,ALB,2004,31.94
Albania,ALB,2005,35.11
Albania,ALB,2006,27.85
Albania,ALB,2007,27.65
Albania,ALB,2008,25.81
Albania,ALB,2009,29.96
Albania,ALB,2010,31.08
Albania,ALB,2011,33.54
Albania,ALB,2012,31.85
Albania,ALB,2013,32.9
Albania,ALB,2014,32.91
Albania,ALB,2015,41.27
Albania,ALB,2016,49.1
Albania,ALB,2017,30.77
Algeria,DZA,2002,2.86
Algeria,DZA,2003,0.77
Algeria,DZA,2004,6.97
Algeria,DZA,2005,3.89
Algeria,DZA,2006,3.79
Algeria,DZA,2007,6.24
Algeria,DZA,2008,2.47
Algeria,DZA,2009,5.81
Algeria,DZA,2010,3.9
Algeria,DZA,2011,4.33
Algeria,DZA,2012,6.82
Algeria,DZA,2013,8.45
Algeria,DZA,2014,9.24
Algeria,DZA,2015,7.47
Algeria,DZA,2016,6.99
Algeria,DZA,2017,6.93
Americas,,2002,23.89
Americas,,2003,26.39
Americas,,2004,29.1
Americas,,2005,25.82
Americas,,2006,26.49
Americas,,2007,29.83
Americas,,2008,24.85
Americas,,2009,21.1
Americas,,2010,26.08
Americas,,2011,30.88
Americas,,2012,31.07
Americas,,2013,33.33
Americas,,2014,33.89
Americas,,2015,30.97
Americas,,2016,31.98
Americas,,2017,34.2
Angola,AGO,2002,0.3
Angola,AGO,2003,0.41
Angola,AGO,2004,1.01
Angola,AGO,2005,0.42
Angola,AGO,2006,0.38
Angola,AGO,2007,0.65
Angola,AGO,2008,1.06
Angola,AGO,2009,1.19
Angola,AGO,2010,1.97
Angola,AGO,2011,3.38
Angola,AGO,2012,1.59
Angola,AGO,2013,1.82
Angola,AGO,2014,1.52
Angola,AGO,2015,1.01
Angola,AGO,2016,1.26
Angola,AGO,2017,2.29
Antigua and Barbuda,ATG,2002,3.8
Antigua and Barbuda,ATG,2003,6.8
Antigua and Barbuda,ATG,2004,2.8
Antigua and Barbuda,ATG,2005,1.2
Antigua and Barbuda,ATG,2006,1
Antigua and Barbuda,ATG,2008,1
Antigua and Barbuda,ATG,2009,3
Antigua and Barbuda,ATG,2010,0.8
Antigua and Barbuda,ATG,2011,1.4
Antigua and Barbuda,ATG,2012,1.67
Antigua and Barbuda,ATG,2013,2.08
Antigua and Barbuda,ATG,2014,1.7
Antigua and Barbuda,ATG,2015,2.11
Antigua and Barbuda,ATG,2016,1.33
Antigua and Barbuda,ATG,2017,1.3
Argentina,ARG,2002,9.93
Argentina,ARG,2003,14.18
Argentina,ARG,2004,17.8
Argentina,ARG,2005,15.14
Argentina,ARG,2006,17.25
Argentina,ARG,2007,20.47
Argentina,ARG,2008,12.03
Argentina,ARG,2009,8.41
Argentina,ARG,2010,17.54
Argentina,ARG,2011,18.22
Argentina,ARG,2012,14.62
Argentina,ARG,2013,14.77
Argentina,ARG,2014,13.96
Argentina,ARG,2015,10.57
Argentina,ARG,2016,16.15
Argentina,ARG,2017,15.93
Armenia,ARM,2002,0.02
Armenia,ARM,2003,0.02
Armenia,ARM,2004,2.39
Armenia,ARM,2005,0.07
Armenia,ARM,2006,0
Armenia,ARM,2007,0
Armenia,ARM,2008,0.05
Armenia,ARM,2009,0
Armenia,ARM,2010,0.07
Armenia,ARM,2011,0.83
Armenia,ARM,2012,0.13
Armenia,ARM,2013,1.11
Armenia,ARM,2014,5.5
Armenia,ARM,2015,3.32
Armenia,ARM,2016,0.64
Armenia,ARM,2017,0.05
Asia,,2002,34.21
Asia,,2003,34.15
Asia,,2004,36.64
Asia,,2005,39.51
Asia,,2006,41.62
Asia,,2007,38.42
Asia,,2008,37.91
Asia,,2009,44.81
Asia,,2010,49.65
Asia,,2011,48.46
Asia,,2012,45.92
Asia,,2013,45.1
Asia,,2014,45.03
Asia,,2015,41.75
Asia,,2016,44
Asia,,2017,43.68
"Asia, Central",,2002,4.49
"Asia, Central",,2003,4.09
"Asia, Central",,2004,4.03
"Asia, Central",,2005,3.48
"Asia, Central",,2006,4.6
"Asia, Central",,2007,4.84
"Asia, Central",,2008,4.7
"Asia, Central",,2009,6.18
"Asia, Central",,2010,5.87
"Asia, Central",,2011,6.17
"Asia, Central",,2012,5.87
"Asia, Central",,2013,6.43
"Asia, Central",,2014,7.18
"Asia, Central",,2015,7.09
"Asia, Central",,2016,7.35
"Asia, Central",,2017,7.28
Australia,AUS,2002,44.81
Australia,AUS,2003,43.27
Australia,AUS,2004,42.83
Australia,AUS,2005,38.95
Australia,AUS,2006,40.39
Australia,AUS,2007,42.09
Australia,AUS,2008,33.85
Australia,AUS,2009,23.52
Australia,AUS,2010,31.72
Australia,AUS,2011,27.44
Australia,AUS,2012,27.62
Australia,AUS,2013,26.64
Australia,AUS,2014,26.02
Australia,AUS,2015,33.08
Australia,AUS,2016,32.92
Australia,AUS,2017,29.92
Australia & New Zealand,,2002,44.81
Australia & New Zealand,,2003,43.27
Australia & New Zealand,,2004,42.83
Australia & New Zealand,,2005,38.95
Australia & New Zealand,,2006,40.39
Australia & New Zealand,,2007,42.09
Australia & New Zealand,,2008,33.85
Australia & New Zealand,,2009,23.52
Australia & New Zealand,,2010,31.72
Australia & New Zealand,,2011,27.44
Australia & New Zealand,,2012,27.62
Australia & New Zealand,,2013,26.64
Australia & New Zealand,,2014,26.02
Australia & New Zealand,,2015,33.08
Australia & New Zealand,,2016,32.92
Australia & New Zealand,,2017,29.92
Austria,AUT,2002,53.24
Austria,AUT,2003,24.43
Austria,AUT,2004,25.62
Austria,AUT,2005,26.68
Austria,AUT,2006,25.35
Austria,AUT,2007,19.58
Austria,AUT,2008,20.69
Austria,AUT,2009,12.58
Austria,AUT,2010,16.52
Austria,AUT,2011,16.1
Austria,AUT,2012,20.42
Austria,AUT,2013,27.85
Austria,AUT,2014,29.43
Austria,AUT,2015,28.13
Austria,AUT,2016,22.89
Austria,AUT,2017,22.38
Azerbaijan,AZE,2002,0.76
Azerbaijan,AZE,2003,0.13
Azerbaijan,AZE,2004,0.17
Azerbaijan,AZE,2005,1.56
Azerbaijan,AZE,2006,1.02
Azerbaijan,AZE,2007,0.64
Azerbaijan,AZE,2008,2.89
Azerbaijan,AZE,2009,1.27
Azerbaijan,AZE,2010,1.01
Azerbaijan,AZE,2011,1.47
Azerbaijan,AZE,2012,2.85
Azerbaijan,AZE,2013,4.65
Azerbaijan,AZE,2014,8.1
Azerbaijan,AZE,2015,2.08
Azerbaijan,AZE,2016,0.22
Azerbaijan,AZE,2017,0.57
Bahamas,BHS,2012,24.54
Bahamas,BHS,2013,26.33
Bahamas,BHS,2014,22.97
Bahamas,BHS,2015,33.63
Bahamas,BHS,2016,33.63
Bahamas,BHS,2017,33.63
Bangladesh,BGD,2002,36.76
Bangladesh,BGD,2003,22.95
Bangladesh,BGD,2004,31.28
Bangladesh,BGD,2005,37.51
Bangladesh,BGD,2006,34.4
Bangladesh,BGD,2007,29.55
Bangladesh,BGD,2008,12.68
Bangladesh,BGD,2009,19.69
Bangladesh,BGD,2010,34.27
Bangladesh,BGD,2011,46.87
Bangladesh,BGD,2012,58.69
Bangladesh,BGD,2013,58.82
Bangladesh,BGD,2014,66.46
Bangladesh,BGD,2015,70.86
Bangladesh,BGD,2016,74.29
Bangladesh,BGD,2017,74.78
Barbados,BRB,2002,3.33
Barbados,BRB,2003,27.8
Barbados,BRB,2004,0.79
Barbados,BRB,2005,9.36
Barbados,BRB,2006,42.5
Barbados,BRB,2007,40.86
Barbados,BRB,2008,12.71
Barbados,BRB,2009,29.07
Barbados,BRB,2010,89
Barbados,BRB,2011,20.42
Barbados,BRB,2012,60.62
Barbados,BRB,2013,0.9
Barbados,BRB,2014,2.67
Barbados,BRB,2015,12.95
Barbados,BRB,2016,42.11
Barbados,BRB,2017,20.6
Belarus,BLR,2002,12.74
Belarus,BLR,2003,15.29
Belarus,BLR,2004,17.61
Belarus,BLR,2005,22.88
Belarus,BLR,2006,36.16
Belarus,BLR,2007,33.87
Belarus,BLR,2008,32.11
Belarus,BLR,2009,40.91
Belarus,BLR,2010,41.31
Belarus,BLR,2011,51.69
Belarus,BLR,2012,39.22
Belarus,BLR,2013,36.61
Belarus,BLR,2014,26.52
Belarus,BLR,2015,23.31
Belarus,BLR,2016,13.16
Belarus,BLR,2017,13.27
Belgium,BEL,2002,50.65
Belgium,BEL,2003,50.46
Belgium,BEL,2004,57.98
Belgium,BEL,2005,57.67
Belgium,BEL,2006,54.8
Belgium,BEL,2007,52.69
Belgium,BEL,2008,18.39
Belgium,BEL,2009,26.71
Belgium,BEL,2010,32.51
Belgium,BEL,2011,29.31
Belgium,BEL,2012,30.08
Belgium,BEL,2013,29.08
Belgium,BEL,2014,19.87
Belgium,BEL,2015,21
Belgium,BEL,2016,21.5
Belgium,BEL,2017,21.71
Belize,BLZ,2002,96.42
Belize,BLZ,2003,45.49
Belize,BLZ,2004,24.5
Belize,BLZ,2005,15.15
Belize,BLZ,2006,32.93
Belize,BLZ,2007,15.29
Belize,BLZ,2008,15.94
Belize,BLZ,2009,25.94
Belize,BLZ,2010,12.17
Belize,BLZ,2011,107.02
Belize,BLZ,2012,31.53
Belize,BLZ,2013,76.29
Belize,BLZ,2014,64.37
Belize,BLZ,2015,94.14
Belize,BLZ,2016,106.16
Belize,BLZ,2017,83.52
Benin,BEN,2002,3.68
Benin,BEN,2003,0.14
Benin,BEN,2004,0
Benin,BEN,2005,0.14
Benin,BEN,2006,0
Benin,BEN,2007,0.01
Benin,BEN,2008,0.14
Benin,BEN,2009,1.7
Benin,BEN,2010,3.46
Benin,BEN,2011,0.99
Benin,BEN,2012,2.78
Benin,BEN,2013,1.25
Benin,BEN,2014,1.07
Benin,BEN,2015,0
Benin,BEN,2016,2.01
Benin,BEN,2017,0
Bermuda,BMU,2013,80.95
Bermuda,BMU,2014,84
Bermuda,BMU,2015,74.5
Bermuda,BMU,2016,52.34
Bermuda,BMU,2017,50.5
Bhutan,BTN,2002,1.36
Bhutan,BTN,2003,1.41
Bhutan,BTN,2004,1.2
Bhutan,BTN,2005,1.19
Bhutan,BTN,2006,1.48
Bhutan,BTN,2007,1.63
Bhutan,BTN,2008,2.1
Bhutan,BTN,2009,4.19
Bhutan,BTN,2010,1.7
Bhutan,BTN,2011,2.43
Bhutan,BTN,2012,1.53
Bhutan,BTN,2013,2.36
Bhutan,BTN,2014,2.74
Bhutan,BTN,2015,2.87
Bhutan,BTN,2016,2.96
Bhutan,BTN,2017,2.97
Bolivia,BOL,2002,1.86
Bolivia,BOL,2003,1.38
Bolivia,BOL,2004,1.48
Bolivia,BOL,2005,1.94
Bolivia,BOL,2006,1
Bolivia,BOL,2007,1.94
Bolivia,BOL,2008,1.02
Bolivia,BOL,2009,1.77
Bolivia,BOL,2010,2.4
Bolivia,BOL,2011,2.04
Bolivia,BOL,2012,2.45
Bolivia,BOL,2013,3.23
Bolivia,BOL,2014,2.76
Bolivia,BOL,2015,2.86
Bolivia,BOL,2016,2.29
Bolivia,BOL,2017,3.51
Bosnia and Herzegovina,BIH,2002,6.4
Bosnia and Herzegovina,BIH,2003,3.18
Bosnia and Herzegovina,BIH,2004,11.68
Bosnia and Herzegovina,BIH,2005,0.19
Bosnia and Herzegovina,BIH,2006,0.11
Bosnia and Herzegovina,BIH,2007,0.1
Bosnia and Herzegovina,BIH,2008,0.07
Bosnia and Herzegovina,BIH,2009,4.17
Bosnia and Herzegovina,BIH,2010,9.24
Bosnia and Herzegovina,BIH,2011,8.74
Bosnia and Herzegovina,BIH,2012,8.88
Bosnia and Herzegovina,BIH,2013,7.91
Bosnia and Herzegovina,BIH,2014,7.23
Bosnia and Herzegovina,BIH,2015,8.39
Bosnia and Herzegovina,BIH,2016,10.23
Bosnia and Herzegovina,BIH,2017,9.38
Botswana,BWA,2009,2.82
Botswana,BWA,2010,3.21
Botswana,BWA,2011,2.27
Botswana,BWA,2012,0.88
Botswana,BWA,2013,1.38
Botswana,BWA,2014,2.78
Botswana,BWA,2015,4.29
Botswana,BWA,2016,4.32
Botswana,BWA,2017,4.32
Brazil,BRA,2002,47.8
Brazil,BRA,2003,54.36
Brazil,BRA,2004,66.92
Brazil,BRA,2005,48.29
Brazil,BRA,2006,50.44
Brazil,BRA,2007,66.99
Brazil,BRA,2008,58.35
Brazil,BRA,2009,43.08
Brazil,BRA,2010,53.7
Brazil,BRA,2011,69.36
Brazil,BRA,2012,65.84
Brazil,BRA,2013,78.97
Brazil,BRA,2014,81.46
Brazil,BRA,2015,68.8
Brazil,BRA,2016,72.03
Brazil,BRA,2017,81.34
Brunei,BRN,2002,1.57
Brunei,BRN,2003,7.86
Brunei,BRN,2004,14.14
Brunei,BRN,2005,19.71
Brunei,BRN,2006,7.14
Brunei,BRN,2007,42.38
Brunei,BRN,2008,11.63
Brunei,BRN,2009,11.9
Brunei,BRN,2010,55.2
Brunei,BRN,2011,7.5
Brunei,BRN,2012,8
Brunei,BRN,2013,6.91
Brunei,BRN,2014,21.09
Brunei,BRN,2015,21.09
Brunei,BRN,2016,21.09
Brunei,BRN,2017,21.09
Bulgaria,BGR,2002,25.3
Bulgaria,BGR,2003,48.33
Bulgaria,BGR,2004,6.63
Bulgaria,BGR,2005,11.7
Bulgaria,BGR,2006,23.06
Bulgaria,BGR,2007,33.42
Bulgaria,BGR,2008,37.4
Bulgaria,BGR,2009,14.16
Bulgaria,BGR,2010,8.4
Bulgaria,BGR,2011,14.3
Bulgaria,BGR,2012,14.1
Bulgaria,BGR,2013,14.42
Bulgaria,BGR,2014,15.02
Bulgaria,BGR,2015,18.1
Bulgaria,BGR,2016,17.94
Bulgaria,BGR,2017,19.12
Burkina Faso,BFA,2002,0
Burkina Faso,BFA,2003,2.6
Burkina Faso,BFA,2004,3.1
Burkina Faso,BFA,2005,4.46
Burkina Faso,BFA,2006,3.77
Burkina Faso,BFA,2007,2.69
Burkina Faso,BFA,2008,2.22
Burkina Faso,BFA,2009,2.21
Burkina Faso,BFA,2010,1.27
Burkina Faso,BFA,2011,2.64
Burkina Faso,BFA,2012,2.74
Burkina Faso,BFA,2013,3.66
Burkina Faso,BFA,2014,3.5
Burkina Faso,BFA,2015,3.69
Burkina Faso,BFA,2016,4.98
Burkina Faso,BFA,2017,4.13
Burundi,BDI,2002,0.59
Burundi,BDI,2003,0
Burundi,BDI,2004,0.46
Burundi,BDI,2005,1.69
Burundi,BDI,2006,0.49
Burundi,BDI,2007,0.55
Burundi,BDI,2008,0.29
Burundi,BDI,2009,0.46
Burundi,BDI,2010,0.99
Burundi,BDI,2011,1.91
Burundi,BDI,2012,1.72
Burundi,BDI,2013,4.39
Burundi,BDI,2014,2.91
Burundi,BDI,2015,2.5
Burundi,BDI,2016,3.19
Burundi,BDI,2017,4.22
Cambodia,KHM,2002,3.33
Cambodia,KHM,2003,2.12
Cambodia,KHM,2004,3.03
Cambodia,KHM,2005,4.51
Cambodia,KHM,2006,4.72
Cambodia,KHM,2007,6.2
Cambodia,KHM,2008,3.86
Cambodia,KHM,2009,5.06
Cambodia,KHM,2010,6.07
Cambodia,KHM,2011,6.77
Cambodia,KHM,2012,7.48
Cambodia,KHM,2013,4.23
Cambodia,KHM,2014,9.39
Cambodia,KHM,2015,7.88
Cambodia,KHM,2016,6.05
Cambodia,KHM,2017,6.05
Cameroon,CMR,2002,1.37
Cameroon,CMR,2003,1.64
Cameroon,CMR,2004,1.82
Cameroon,CMR,2005,0.86
Cameroon,CMR,2006,1.58
Cameroon,CMR,2007,0.96
Cameroon,CMR,2008,0.94
Cameroon,CMR,2009,0.62
Cameroon,CMR,2010,1.39
Cameroon,CMR,2011,1.12
Cameroon,CMR,2012,1.62
Cameroon,CMR,2013,1.31
Cameroon,CMR,2014,1.53
Cameroon,CMR,2015,1.68
Cameroon,CMR,2016,1.66
Cameroon,CMR,2017,1.28
Canada,CAN,2002,16.09
Canada,CAN,2003,16.96
Canada,CAN,2004,15.22
Canada,CAN,2005,17.42
Canada,CAN,2006,15.61
Canada,CAN,2007,19.05
Canada,CAN,2008,17.37
Canada,CAN,2009,14.68
Canada,CAN,2010,17.19
Canada,CAN,2011,21.95
Canada,CAN,2012,20.37
Canada,CAN,2013,22.58
Canada,CAN,2014,24.65
Canada,CAN,2015,26.11
Canada,CAN,2016,25.09
Canada,CAN,2017,26.67
Caribbean,,2002,4.88
Caribbean,,2003,3.23
Caribbean,,2004,2.37
Caribbean,,2005,4.03
Caribbean,,2006,6.67
Caribbean,,2007,7.05
Caribbean,,2008,10.3
Caribbean,,2009,5.74
Caribbean,,2010,10.05
Caribbean,,2011,9.19
Caribbean,,2012,11.14
Caribbean,,2013,11.44
Caribbean,,2014,11.06
Caribbean,,2015,13.71
Caribbean,,2016,10.61
Caribbean,,2017,8.3
Central African Republic,CAF,2002,0
Central African Republic,CAF,2003,0
Central African Republic,CAF,2004,0.01
Central African Republic,CAF,2005,0
Central African Republic,CAF,2006,0.05
Central African Republic,CAF,2007,0.1
Central African Republic,CAF,2008,0.04
Central African Republic,CAF,2009,0.04
Central African Republic,CAF,2010,0.11
Central African Republic,CAF,2011,0.13
Central African Republic,CAF,2012,0.03
Central African Republic,CAF,2013,0.02
Central African Republic,CAF,2014,0
Central African Republic,CAF,2015,0.02
Central African Republic,CAF,2016,0.04
Central African Republic,CAF,2017,0.04
Central America,,2002,15.96
Central America,,2003,17.76
Central America,,2004,18.56
Central America,,2005,16.74
Central America,,2006,13.98
Central America,,2007,14.68
Central America,,2008,6.17
Central America,,2009,6.25
Central America,,2010,18.72
Central America,,2011,17.06
Central America,,2012,23.16
Central America,,2013,14.23
Central America,,2014,19.12
Central America,,2015,20.17
Central America,,2016,19.37
Central America,,2017,24.61
Chile,CHL,2002,75.4
Chile,CHL,2003,96.84
Chile,CHL,2004,85.8
Chile,CHL,2005,66.09
Chile,CHL,2006,79.63
Chile,CHL,2007,97.98
Chile,CHL,2008,74.83
Chile,CHL,2009,54.38
Chile,CHL,2010,72.89
Chile,CHL,2011,68.67
Chile,CHL,2012,69.3
Chile,CHL,2013,72.8
Chile,CHL,2014,86.86
Chile,CHL,2015,93.83
Chile,CHL,2016,45.82
Chile,CHL,2017,45.68
China,CHN,2002,81.43
China,CHN,2003,78.28
China,CHN,2004,86.81
China,CHN,2005,92.25
China,CHN,2006,98.19
China,CHN,2007,84.57
China,CHN,2008,88.13
China,CHN,2009,105.16
China,CHN,2010,117.15
China,CHN,2011,112.35
China,CHN,2012,113.45
China,CHN,2013,113.06
China,CHN,2014,109.6
China,CHN,2015,85.19
China,CHN,2016,93.78
China,CHN,2017,91.35
Colombia,COL,2002,31.65
Colombia,COL,2003,32.98
Colombia,COL,2004,34.57
Colombia,COL,2005,54.92
Colombia,COL,2006,88.89
Colombia,COL,2007,80.01
Colombia,COL,2008,57.2
Colombia,COL,2009,59.74
Colombia,COL,2010,78.07
Colombia,COL,2011,87.69
Colombia,COL,2012,88.53
Colombia,COL,2013,56.35
Colombia,COL,2014,55.91
Colombia,COL,2015,57.81
Colombia,COL,2016,55.28
Colombia,COL,2017,58.36
Congo,COG,2004,0.06
Congo,COG,2005,0.04
Congo,COG,2006,0
Congo,COG,2007,0.12
Congo,COG,2008,0.12
Congo,COG,2009,1.32
Congo,COG,2010,0.15
Congo,COG,2011,0.27
Congo,COG,2012,0.28
Congo,COG,2013,0.58
Congo,COG,2014,0.13
Congo,COG,2015,0.29
Congo,COG,2016,0.45
Congo,COG,2017,0.61
Cook Islands,COK,2002,3.07
Cook Islands,COK,2003,3.64
Cook Islands,COK,2004,2.65
Cook Islands,COK,2005,6.93
Cook Islands,COK,2006,7.32
Cook Islands,COK,2007,0.92
Cook Islands,COK,2008,8.95
Cook Islands,COK,2009,10.49
Cook Islands,COK,2010,4.48
Cook Islands,COK,2011,5.71
Cook Islands,COK,2012,4.04
Cook Islands,COK,2013,4.24
Cook Islands,COK,2014,2.71
Cook Islands,COK,2015,14.07
Cook Islands,COK,2016,4.85
Cook Islands,COK,2017,2.89
Costa Rica,CRI,2002,47.8
Costa Rica,CRI,2003,63.3
Costa Rica,CRI,2004,46.74
Costa Rica,CRI,2005,44.14
Costa Rica,CRI,2006,48.01
Costa Rica,CRI,2007,49.2
Costa Rica,CRI,2008,42.37
Costa Rica,CRI,2009,31.45
Costa Rica,CRI,2010,31.76
Costa Rica,CRI,2011,46.81
Costa Rica,CRI,2012,39.09
Costa Rica,CRI,2013,31.39
Costa Rica,CRI,2014,32.6
Costa Rica,CRI,2015,40.31
Costa Rica,CRI,2016,18.57
Costa Rica,CRI,2017,35.93
Cote d'Ivoire,CIV,2002,4.13
Cote d'Ivoire,CIV,2003,4.97
Cote d'Ivoire,CIV,2004,1.24
Cote d'Ivoire,CIV,2005,1.54
Cote d'Ivoire,CIV,2006,3.14
Cote d'Ivoire,CIV,2007,2.14
Cote d'Ivoire,CIV,2008,0.64
Cote d'Ivoire,CIV,2009,0.92
Cote d'Ivoire,CIV,2010,3.05
Cote d'Ivoire,CIV,2011,1.24
Cote d'Ivoire,CIV,2012,2.48
Cote d'Ivoire,CIV,2013,4.56
Cote d'Ivoire,CIV,2014,4.42
Cote d'Ivoire,CIV,2015,5.55
Cote d'Ivoire,CIV,2016,6.73
Cote d'Ivoire,CIV,2017,5.48
Croatia,HRV,2002,42.97
Croatia,HRV,2003,68.27
Croatia,HRV,2004,53.26
Croatia,HRV,2005,80.77
Croatia,HRV,2006,85.72
Croatia,HRV,2007,83.38
Croatia,HRV,2008,95.71
Croatia,HRV,2009,46.39
Croatia,HRV,2010,103.45
Croatia,HRV,2011,100.52
Croatia,HRV,2012,33.31
Croatia,HRV,2013,30.21
Croatia,HRV,2014,43.4
Croatia,HRV,2015,32.14
Croatia,HRV,2016,14
Croatia,HRV,2017,38.36
Cuba,CUB,2002,4.86
Cuba,CUB,2003,2.92
Cuba,CUB,2004,1.61
Cuba,CUB,2005,3.36
Cuba,CUB,2006,7.16
Cuba,CUB,2007,5.7
Cuba,CUB,2008,9.02
Cuba,CUB,2009,2.61
Cuba,CUB,2010,6.25
Cuba,CUB,2011,5.81
Cuba,CUB,2012,8.26
Cuba,CUB,2013,8.37
Cuba,CUB,2014,8.05
Cuba,CUB,2015,10.81
Cuba,CUB,2016,8.28
Cuba,CUB,2017,6
Cyprus,CYP,2002,40.92
Cyprus,CYP,2003,42.82
Cyprus,CYP,2004,33.49
Cyprus,CYP,2005,29.54
Cyprus,CYP,2006,30.29
Cyprus,CYP,2007,31.09
Cyprus,CYP,2008,18.84
Cyprus,CYP,2009,41.7
Cyprus,CYP,2010,46.53
Cyprus,CYP,2011,24.28
Cyprus,CYP,2012,42.95
Cyprus,CYP,2013,41.62
Cyprus,CYP,2014,36.92
Cyprus,CYP,2015,38.71
Cyprus,CYP,2016,48.68
Cyprus,CYP,2017,40.61
Czechia,CZE,2002,12.53
Czechia,CZE,2003,13.92
Czechia,CZE,2004,13.16
Czechia,CZE,2005,13.2
Czechia,CZE,2006,14.36
Czechia,CZE,2007,14.99
Czechia,CZE,2008,10.79
Czechia,CZE,2009,10.77
Czechia,CZE,2010,12.31
Czechia,CZE,2011,13.27
Czechia,CZE,2012,12.72
Czechia,CZE,2013,16.29
Czechia,CZE,2014,16.56
Czechia,CZE,2015,19.17
Czechia,CZE,2016,18.68
Czechia,CZE,2017,21.76
Democratic Republic of Congo,COD,2003,0.05
Democratic Republic of Congo,COD,2004,0.04
Democratic Republic of Congo,COD,2005,0.01
Democratic Republic of Congo,COD,2006,0.03
Democratic Republic of Congo,COD,2007,0.06
Democratic Republic of Congo,COD,2008,0.12
Democratic Republic of Congo,COD,2009,0.09
Democratic Republic of Congo,COD,2010,0.1
Democratic Republic of Congo,COD,2011,0.12
Democratic Republic of Congo,COD,2012,0.1
Democratic Republic of Congo,COD,2013,0.1
Democratic Republic of Congo,COD,2014,0.12
Democratic Republic of Congo,COD,2015,0.08
Democratic Republic of Congo,COD,2016,0.11
Democratic Republic of Congo,COD,2017,0.12
Denmark,DNK,2002,2.35
Denmark,DNK,2003,6.96
Denmark,DNK,2004,19.95
Denmark,DNK,2005,17.81
Denmark,DNK,2006,16.92
Denmark,DNK,2007,17.58
Denmark,DNK,2008,16.64
Denmark,DNK,2009,9.19
Denmark,DNK,2010,13.6
Denmark,DNK,2011,13.69
Denmark,DNK,2012,9.49
Denmark,DNK,2013,14.35
Denmark,DNK,2014,13.02
Denmark,DNK,2015,13.91
Denmark,DNK,2016,14.16
Denmark,DNK,2017,13.37
Dominica,DMA,2002,7
Dominica,DMA,2003,12.35
Dominica,DMA,2004,16.15
Dominica,DMA,2005,22.95
Dominica,DMA,2006,12.2
Dominica,DMA,2007,37.4
Dominica,DMA,2008,0.5
Dominica,DMA,2009,5.43
Dominica,DMA,2010,4.57
Dominica,DMA,2011,14.7
Dominica,DMA,2012,8.5
Dominica,DMA,2013,9.63
Dominica,DMA,2014,9.69
Dominica,DMA,2015,13.99
Dominica,DMA,2016,10.95
Dominica,DMA,2017,4.56
Dominican Republic,DOM,2002,2.28
Dominican Republic,DOM,2003,0
Dominican Republic,DOM,2004,0
Dominican Republic,DOM,2005,2.8
Dominican Republic,DOM,2006,4.39
Dominican Republic,DOM,2007,11.97
Dominican Republic,DOM,2008,16.89
Dominican Republic,DOM,2009,14.77
Dominican Republic,DOM,2010,21.66
Dominican Republic,DOM,2011,18.5
Dominican Republic,DOM,2012,18.48
Dominican Republic,DOM,2013,20.67
Dominican Republic,DOM,2014,19.75
Dominican Republic,DOM,2015,24.27
Dominican Republic,DOM,2016,17.03
Dominican Republic,DOM,2017,15.14
Eastern Africa,,2002,4.52
Eastern Africa,,2003,3.78
Eastern Africa,,2004,3.29
Eastern Africa,,2005,3.81
Eastern Africa,,2006,4.03
Eastern Africa,,2007,4.86
Eastern Africa,,2008,4.77
Eastern Africa,,2009,4.74
Eastern Africa,,2010,5.27
Eastern Africa,,2011,5.63
Eastern Africa,,2012,6.02
Eastern Africa,,2013,4.37
Eastern Africa,,2014,4.17
Eastern Africa,,2015,2.87
Eastern Africa,,2016,4.03
Eastern Africa,,2017,4.97
Eastern Asia,,2002,83.78
Eastern Asia,,2003,80.67
Eastern Asia,,2004,89.13
Eastern Asia,,2005,94.75
Eastern Asia,,2006,98.92
Eastern Asia,,2007,86.76
Eastern Asia,,2008,88.23
Eastern Asia,,2009,103.48
Eastern Asia,,2010,115.28
Eastern Asia,,2011,110.73
Eastern Asia,,2012,111.74
Eastern Asia,,2013,110.96
Eastern Asia,,2014,107.77
Eastern Asia,,2015,84.61
Eastern Asia,,2016,92.81
Eastern Asia,,2017,90.44
Eastern Europe,,2002,4.96
Eastern Europe,,2003,5.89
Eastern Europe,,2004,5.46
Eastern Europe,,2005,6.61
Eastern Europe,,2006,7.16
Eastern Europe,,2007,8.06
Eastern Europe,,2008,7.53
Eastern Europe,,2009,6.78
Eastern Europe,,2010,7.51
Eastern Europe,,2011,7.96
Eastern Europe,,2012,7.72
Eastern Europe,,2013,7.79
Eastern Europe,,2014,7.55
Eastern Europe,,2015,7.64
Eastern Europe,,2016,7.99
Eastern Europe,,2017,8.9
Ecuador,ECU,2002,14.13
Ecuador,ECU,2003,13.62
Ecuador,ECU,2004,17.19
Ecuador,ECU,2005,15.38
Ecuador,ECU,2006,14.62
Ecuador,ECU,2007,15.34
Ecuador,ECU,2008,10.46
Ecuador,ECU,2009,12.45
Ecuador,ECU,2010,14.85
Ecuador,ECU,2011,13.11
Ecuador,ECU,2012,13.52
Ecuador,ECU,2013,14.97
Ecuador,ECU,2014,19.98
Ecuador,ECU,2015,17.59
Ecuador,ECU,2016,14.63
Ecuador,ECU,2017,21.65
Egypt,EGY,2002,41.52
Egypt,EGY,2003,52.33
Egypt,EGY,2004,67.63
Egypt,EGY,2005,59.03
Egypt,EGY,2006,55.2
Egypt,EGY,2007,47.25
Egypt,EGY,2008,64.41
Egypt,EGY,2009,61.45
Egypt,EGY,2010,78.8
Egypt,EGY,2011,86.57
Egypt,EGY,2012,91.97
Egypt,EGY,2013,91.96
Egypt,EGY,2014,98.51
Egypt,EGY,2015,79.54
Egypt,EGY,2016,80.73
Egypt,EGY,2017,80.73
El Salvador,SLV,2002,15.65
El Salvador,SLV,2003,11.33
El Salvador,SLV,2004,12.96
El Salvador,SLV,2005,23.76
El Salvador,SLV,2006,15.37
El Salvador,SLV,2007,18.55
El Salvador,SLV,2008,8.44
El Salvador,SLV,2009,10.53
El Salvador,SLV,2010,28.35
El Salvador,SLV,2011,30.9
El Salvador,SLV,2012,21.96
El Salvador,SLV,2013,19.94
El Salvador,SLV,2014,13.71
El Salvador,SLV,2015,15.47
El Salvador,SLV,2016,9.81
El Salvador,SLV,2017,14.11
Eritrea,ERI,2002,1.19
Eritrea,ERI,2003,0.24
Eritrea,ERI,2006,0
Eritrea,ERI,2007,2.5
Eritrea,ERI,2009,1.99
Eritrea,ERI,2012,0.08
Eritrea,ERI,2013,0
Eritrea,ERI,2014,0.08
Eritrea,ERI,2015,0
Eritrea,ERI,2016,0
Eritrea,ERI,2017,0
Estonia,EST,2002,6.36
Estonia,EST,2003,11.02
Estonia,EST,2004,13.89
Estonia,EST,2005,10.42
Estonia,EST,2006,14.26
Estonia,EST,2007,13.27
Estonia,EST,2008,15.83
Estonia,EST,2009,9.36
Estonia,EST,2010,9.38
Estonia,EST,2011,9.6
Estonia,EST,2012,10.79
Estonia,EST,2013,11.18
Estonia,EST,2014,13.16
Estonia,EST,2015,11.9
Estonia,EST,2016,11.29
Estonia,EST,2017,13.52
Ethiopia,ETH,2002,6.67
Ethiopia,ETH,2003,2.43
Ethiopia,ETH,2004,3.48
Ethiopia,ETH,2005,4.36
Ethiopia,ETH,2006,4.53
Ethiopia,ETH,2007,7.9
Ethiopia,ETH,2008,8.42
Ethiopia,ETH,2009,8.54
Ethiopia,ETH,2010,10.33
Ethiopia,ETH,2011,9.87
Ethiopia,ETH,2012,13.36
Ethiopia,ETH,2013,6.6
Ethiopia,ETH,2014,9.27
Ethiopia,ETH,2015,1.95
Ethiopia,ETH,2016,3.64
Ethiopia,ETH,2017,8.79
Europe,,2002,13.35
Europe,,2003,14.09
Europe,,2004,14.07
Europe,,2005,13.85
Europe,,2006,13.42
Europe,,2007,14.88
Europe,,2008,10.93
Europe,,2009,9.57
Europe,,2010,11.76
Europe,,2011,11.98
Europe,,2012,12.22
Europe,,2013,12.74
Europe,,2014,12.28
Europe,,2015,12.51
Europe,,2016,12.76
Europe,,2017,13.43
"Europe, Western",,2002,34.81
"Europe, Western",,2003,33.45
"Europe, Western",,2004,32.13
"Europe, Western",,2005,28.87
"Europe, Western",,2006,27.43
"Europe, Western",,2007,30.49
"Europe, Western",,2008,15.83
"Europe, Western",,2009,13.13
"Europe, Western",,2010,18.86
"Europe, Western",,2011,16.18
"Europe, Western",,2012,23.05
"Europe, Western",,2013,24.33
"Europe, Western",,2014,23.52
"Europe, Western",,2015,22.93
"Europe, Western",,2016,20.38
"Europe, Western",,2017,20.79
European Union,,2002,27.75
European Union,,2003,29.01
European Union,,2004,28.26
European Union,,2005,27.4
European Union,,2006,25.35
European Union,,2007,28.24
European Union,,2008,18.82
European Union,,2009,15.59
European Union,,2010,20.44
European Union,,2011,20.02
European Union,,2012,20.6
European Union,,2013,21.97
European Union,,2014,21.29
European Union,,2015,21.76
European Union,,2016,21.17
European Union,,2017,21.88
Fiji,FJI,2002,10.71
Fiji,FJI,2003,0.23
Fiji,FJI,2004,0.08
Fiji,FJI,2005,0.18
Fiji,FJI,2006,0.11
Fiji,FJI,2007,0.06
Fiji,FJI,2008,0.67
Fiji,FJI,2009,2.29
Fiji,FJI,2010,0.99
Fiji,FJI,2011,0.13
Fiji,FJI,2012,1.53
Fiji,FJI,2013,3.26
Fiji,FJI,2014,8.63
Fiji,FJI,2015,2.55
Fiji,FJI,2016,8.57
Fiji,FJI,2017,11.5
Finland,FIN,2002,23.54
Finland,FIN,2003,20.29
Finland,FIN,2004,20.22
Finland,FIN,2005,19.64
Finland,FIN,2006,18.54
Finland,FIN,2007,17.69
Finland,FIN,2008,11.05
Finland,FIN,2009,12.82
Finland,FIN,2010,11.95
Finland,FIN,2011,10.64
Finland,FIN,2012,10.65
Finland,FIN,2013,11.51
Finland,FIN,2014,12.15
Finland,FIN,2015,11.21
Finland,FIN,2016,10.02
Finland,FIN,2017,12.51
France,FRA,2002,36.58
France,FRA,2003,38.31
France,FRA,2004,35.06
France,FRA,2005,30.63
France,FRA,2006,28.58
France,FRA,2007,32.65
France,FRA,2008,15.32
France,FRA,2009,8.55
France,FRA,2010,14.4
France,FRA,2011,12.53
France,FRA,2012,22.52
France,FRA,2013,25.04
France,FRA,2014,23.01
France,FRA,2015,22.61
France,FRA,2016,21.17
France,FRA,2017,23.15
French Polynesia,PYF,2002,11.56
French Polynesia,PYF,2003,9.96
French Polynesia,PYF,2004,11.6
French Polynesia,PYF,2005,9
French Polynesia,PYF,2006,9.32
French Polynesia,PYF,2007,10.24
French Polynesia,PYF,2008,8.72
French Polynesia,PYF,2009,8.61
French Polynesia,PYF,2010,8.53
French Polynesia,PYF,2011,7.14
French Polynesia,PYF,2012,6.43
French Polynesia,PYF,2013,6.85
French Polynesia,PYF,2014,5.27
French Polynesia,PYF,2015,7.05
French Polynesia,PYF,2016,7.05
French Polynesia,PYF,2017,7.05
Gabon,GAB,2002,0.33
Gabon,GAB,2003,0.28
Gabon,GAB,2004,0.51
Gabon,GAB,2005,0.53
Gabon,GAB,2006,0.6
Gabon,GAB,2007,0.64
Gabon,GAB,2008,0.61
Gabon,GAB,2009,0.6
Gabon,GAB,2010,0.04
Gabon,GAB,2011,0.51
Gabon,GAB,2012,1.8
Gabon,GAB,2013,1.5
Gabon,GAB,2014,2.28
Gabon,GAB,2015,7.5
Gabon,GAB,2016,6.96
Gabon,GAB,2017,11.53
Gambia,GMB,2003,2.18
Gambia,GMB,2004,2.53
Gambia,GMB,2005,2.27
Gambia,GMB,2006,2.52
Gambia,GMB,2007,1.95
Gambia,GMB,2008,0.99
Gambia,GMB,2009,1.56
Gambia,GMB,2010,1.65
Gambia,GMB,2011,2.19
Gambia,GMB,2012,0.75
Gambia,GMB,2013,0.18
Gambia,GMB,2014,0.17
Gambia,GMB,2015,0.13
Gambia,GMB,2016,0.27
Gambia,GMB,2017,0.09
Georgia,GEO,2002,2.44
Georgia,GEO,2003,0.38
Georgia,GEO,2004,0.01
Georgia,GEO,2005,1.27
Georgia,GEO,2006,0.73
Georgia,GEO,2007,0.71
Georgia,GEO,2008,0.46
Georgia,GEO,2009,0.39
Georgia,GEO,2010,1.88
Georgia,GEO,2011,3.25
Georgia,GEO,2012,6.24
Georgia,GEO,2013,11.06
Georgia,GEO,2014,11.66
Georgia,GEO,2015,8.78
Georgia,GEO,2016,11.81
Georgia,GEO,2017,9.83
Germany,DEU,2002,27.29
Germany,DEU,2003,23.61
Germany,DEU,2004,25.02
Germany,DEU,2005,22.64
Germany,DEU,2006,21.93
Germany,DEU,2007,26.23
Germany,DEU,2008,14.37
Germany,DEU,2009,19.36
Germany,DEU,2010,23.77
Germany,DEU,2011,20.46
Germany,DEU,2012,23.61
Germany,DEU,2013,23.52
Germany,DEU,2014,24.95
Germany,DEU,2015,23.88
Germany,DEU,2016,19.32
Germany,DEU,2017,17.42
Ghana,GHA,2002,0.02
Ghana,GHA,2003,0.43
Ghana,GHA,2004,0.53
Ghana,GHA,2005,0.93
Ghana,GHA,2006,2.17
Ghana,GHA,2007,1.88
Ghana,GHA,2008,1.36
Ghana,GHA,2009,4.59
Ghana,GHA,2010,3.39
Ghana,GHA,2011,2.41
Ghana,GHA,2012,9.49
Ghana,GHA,2013,5.28
Ghana,GHA,2014,2.11
Ghana,GHA,2015,4.82
Ghana,GHA,2016,2.05
Ghana,GHA,2017,2.05
Greece,GRC,2002,31.33
Greece,GRC,2003,28.35
Greece,GRC,2004,41.6
Greece,GRC,2005,32.99
Greece,GRC,2006,23.14
Greece,GRC,2007,15.64
Greece,GRC,2008,18.5
Greece,GRC,2009,7.01
Greece,GRC,2010,24.69
Greece,GRC,2011,28.05
Greece,GRC,2012,15.23
Greece,GRC,2013,16.09
Greece,GRC,2014,15.52
Greece,GRC,2015,15.38
Greece,GRC,2016,15.95
Greece,GRC,2017,15.86
Guatemala,GTM,2002,22.81
Guatemala,GTM,2003,18.23
Guatemala,GTM,2004,22.97
Guatemala,GTM,2005,26.93
Guatemala,GTM,2006,21.54
Guatemala,GTM,2007,22
Guatemala,GTM,2008,11.06
Guatemala,GTM,2009,13.02
Guatemala,GTM,2010,30.28
Guatemala,GTM,2011,24.28
Guatemala,GTM,2012,31.61
Guatemala,GTM,2013,29.01
Guatemala,GTM,2014,36.05
Guatemala,GTM,2015,26.45
Guatemala,GTM,2016,19.28
Guatemala,GTM,2017,25.82
Guinea,GIN,2002,0.1
Guinea,GIN,2003,0.07
Guinea,GIN,2004,0.13
Guinea,GIN,2005,0.03
Guinea,GIN,2006,0.01
Guinea,GIN,2007,0.03
Guinea,GIN,2008,0.13
Guinea,GIN,2009,0.12
Guinea,GIN,2010,0.03
Guinea,GIN,2011,0.75
Guinea,GIN,2012,0.45
Guinea,GIN,2013,0.81
Guinea,GIN,2014,0
Guinea,GIN,2015,0.05
Guinea,GIN,2016,0.28
Guinea,GIN,2017,2.63
Guyana,GUY,2002,2.67
Guyana,GUY,2003,1.51
Guyana,GUY,2004,1.15
Guyana,GUY,2005,3.57
Guyana,GUY,2006,3.4
Guyana,GUY,2007,16.38
Guyana,GUY,2008,12.48
Guyana,GUY,2009,3.88
Guyana,GUY,2010,4.53
Guyana,GUY,2011,11.28
Guyana,GUY,2012,13.69
Guyana,GUY,2013,11.1
Guyana,GUY,2014,12.72
Guyana,GUY,2015,12.31
Guyana,GUY,2016,13.9
Guyana,GUY,2017,3.67
Honduras,HND,2002,0.77
Honduras,HND,2003,4.39
Honduras,HND,2004,4.35
Honduras,HND,2005,10.16
Honduras,HND,2006,11.31
Honduras,HND,2007,10.83
Honduras,HND,2008,23.15
Honduras,HND,2009,8.05
Honduras,HND,2010,6.36
Honduras,HND,2011,9.52
Honduras,HND,2012,11.73
Honduras,HND,2013,30.43
Honduras,HND,2014,16.21
Honduras,HND,2015,20.59
Honduras,HND,2016,20.88
Honduras,HND,2017,20.11
Hungary,HUN,2002,12.95
Hungary,HUN,2003,13.95
Hungary,HUN,2004,15.61
Hungary,HUN,2005,12.69
Hungary,HUN,2006,15.64
Hungary,HUN,2007,18.16
Hungary,HUN,2008,12.79
Hungary,HUN,2009,8.46
Hungary,HUN,2010,8.97
Hungary,HUN,2011,10.99
Hungary,HUN,2012,12.87
Hungary,HUN,2013,16.93
Hungary,HUN,2014,18.3
Hungary,HUN,2015,18.07
Hungary,HUN,2016,20.37
Hungary,HUN,2017,24.44
Iceland,ISL,2002,36.71
Iceland,ISL,2003,26.31
Iceland,ISL,2004,38.79
Iceland,ISL,2005,34.33
Iceland,ISL,2006,42
Iceland,ISL,2007,47.86
Iceland,ISL,2008,43.67
Iceland,ISL,2009,34.67
Iceland,ISL,2010,45.67
Iceland,ISL,2011,50
Iceland,ISL,2012,58.03
Iceland,ISL,2013,56.29
Iceland,ISL,2014,73.32
Iceland,ISL,2015,30.69
Iceland,ISL,2016,56.55
Iceland,ISL,2017,16.91
India,IND,2002,23.7
India,IND,2003,24.33
India,IND,2004,27.27
India,IND,2005,30.71
India,IND,2006,32.75
India,IND,2007,32.61
India,IND,2008,35.73
India,IND,2009,42.71
India,IND,2010,48.43
India,IND,2011,49.65
India,IND,2012,39.29
India,IND,2013,33.25
India,IND,2014,35.99
India,IND,2015,41.18
India,IND,2016,39.57
India,IND,2017,40.45
Indonesia,IDN,2002,6.87
Indonesia,IDN,2003,13.16
Indonesia,IDN,2004,7.51
Indonesia,IDN,2005,8.03
Indonesia,IDN,2006,8.74
Indonesia,IDN,2007,8.52
Indonesia,IDN,2008,8.33
Indonesia,IDN,2009,11.37
Indonesia,IDN,2010,11.19
Indonesia,IDN,2011,12.73
Indonesia,IDN,2012,16.85
Indonesia,IDN,2013,16.27
Indonesia,IDN,2014,16.7
Indonesia,IDN,2015,17
Indonesia,IDN,2016,17.04
Indonesia,IDN,2017,15.31
Iran,IRN,2002,19.63
Iran,IRN,2003,21.68
Iran,IRN,2004,23.68
Iran,IRN,2005,25.63
Iran,IRN,2006,31.24
Iran,IRN,2007,21.17
Iran,IRN,2008,22.39
Iran,IRN,2009,19.72
Iran,IRN,2010,23.68
Iran,IRN,2011,8.57
Iran,IRN,2012,5.33
Iran,IRN,2013,12.38
Iran,IRN,2014,15.08
Iran,IRN,2015,5.95
Iran,IRN,2016,5.95
Iran,IRN,2017,5.95
Iraq,IRQ,2004,1.48
Iraq,IRQ,2005,11.6
Iraq,IRQ,2006,11.02
Iraq,IRQ,2007,11.58
Iraq,IRQ,2008,15.19
Iraq,IRQ,2009,12.04
Iraq,IRQ,2010,5.78
Iraq,IRQ,2011,5.36
Iraq,IRQ,2012,11.36
Iraq,IRQ,2013,13.81
Iraq,IRQ,2014,2.55
Iraq,IRQ,2015,2.19
Iraq,IRQ,2016,6.98
Iraq,IRQ,2017,12.12
Israel,ISR,2002,26.79
Israel,ISR,2003,28.33
Israel,ISR,2004,33.38
Israel,ISR,2005,31.01
Israel,ISR,2006,32.73
Israel,ISR,2007,29.65
Israel,ISR,2008,26.79
Israel,ISR,2009,16.2
Israel,ISR,2010,16.72
Israel,ISR,2011,13.79
Israel,ISR,2012,22.53
Israel,ISR,2013,20.25
Israel,ISR,2014,14.84
Israel,ISR,2015,14.47
Israel,ISR,2016,14.8
Israel,ISR,2017,12.63
Italy,ITA,2002,29.02
Italy,ITA,2003,30
Italy,ITA,2004,30.2
Italy,ITA,2005,27.6
Italy,ITA,2006,27.31
Italy,ITA,2007,28.9
Italy,ITA,2008,19.84
Italy,ITA,2009,17.94
Italy,ITA,2010,18.72
Italy,ITA,2011,21.58
Italy,ITA,2012,17.47
Italy,ITA,2013,18.85
Italy,ITA,2014,18.5
Italy,ITA,2015,18.71
Italy,ITA,2016,17.74
Italy,ITA,2017,17.36
Jamaica,JAM,2002,17.05
Jamaica,JAM,2003,20.07
Jamaica,JAM,2004,25.52
Jamaica,JAM,2005,19.56
Jamaica,JAM,2006,7.68
Jamaica,JAM,2007,0.1
Jamaica,JAM,2008,0.47
Jamaica,JAM,2009,10.2
Jamaica,JAM,2010,10.7
Jamaica,JAM,2011,16.32
Jamaica,JAM,2012,17.31
Jamaica,JAM,2013,13.99
Jamaica,JAM,2014,13.57
Jamaica,JAM,2015,4.39
Jamaica,JAM,2016,11.61
Jamaica,JAM,2017,7.6
Japan,JPN,2002,133.45
Japan,JPN,2003,127.89
Japan,JPN,2004,134.21
Japan,JPN,2005,130.25
Japan,JPN,2006,121.89
Japan,JPN,2007,127.54
Japan,JPN,2008,96.91
Japan,JPN,2009,81.42
Japan,JPN,2010,92.38
Japan,JPN,2011,93.07
Japan,JPN,2012,77.69
Japan,JPN,2013,77.13
Japan,JPN,2014,79.35
Japan,JPN,2015,76.78
Japan,JPN,2016,76.02
Japan,JPN,2017,76.49
Kazakhstan,KAZ,2002,0.38
Kazakhstan,KAZ,2003,0.5
Kazakhstan,KAZ,2004,0.49
Kazakhstan,KAZ,2005,0.59
Kazakhstan,KAZ,2006,0.47
Kazakhstan,KAZ,2007,0.71
Kazakhstan,KAZ,2008,0.5
Kazakhstan,KAZ,2009,0.91
Kazakhstan,KAZ,2010,0.51
Kazakhstan,KAZ,2011,1.21
Kazakhstan,KAZ,2012,0.71
Kazakhstan,KAZ,2013,0.87
Kazakhstan,KAZ,2014,1.1
Kazakhstan,KAZ,2015,1.12
Kazakhstan,KAZ,2016,1.12
Kazakhstan,KAZ,2017,1.12
Kenya,KEN,2002,13.68
Kenya,KEN,2003,16.21
Kenya,KEN,2004,12.33
Kenya,KEN,2005,16.34
Kenya,KEN,2006,14.81
Kenya,KEN,2007,17.18
Kenya,KEN,2008,16.88
Kenya,KEN,2009,15.57
Kenya,KEN,2010,12.6
Kenya,KEN,2011,17.03
Kenya,KEN,2012,14.26
Kenya,KEN,2013,12.16
Kenya,KEN,2014,1.9
Kenya,KEN,2015,3.16
Kenya,KEN,2016,9.68
Kenya,KEN,2017,5.46
Kyrgyzstan,KGZ,2002,0.15
Kyrgyzstan,KGZ,2003,1.28
Kyrgyzstan,KGZ,2004,1.2
Kyrgyzstan,KGZ,2005,1.5
Kyrgyzstan,KGZ,2006,1.22
Kyrgyzstan,KGZ,2007,1.92
Kyrgyzstan,KGZ,2008,1.29
Kyrgyzstan,KGZ,2009,0.94
Kyrgyzstan,KGZ,2010,2.37
Kyrgyzstan,KGZ,2011,1.45
Kyrgyzstan,KGZ,2012,3.03
Kyrgyzstan,KGZ,2013,4.37
Kyrgyzstan,KGZ,2014,3.66
Kyrgyzstan,KGZ,2015,1
Kyrgyzstan,KGZ,2016,3.73
Kyrgyzstan,KGZ,2017,1.04
Land Locked Developing Countries,,2002,3.77
Land Locked Developing Countries,,2003,3.44
Land Locked Developing Countries,,2004,4.26
Land Locked Developing Countries,,2005,3.41
Land Locked Developing Countries,,2006,3.97
Land Locked Developing Countries,,2007,5.06
Land Locked Developing Countries,,2008,4
Land Locked Developing Countries,,2009,4.59
Land Locked Developing Countries,,2010,5.21
Land Locked Developing Countries,,2011,5.7
Land Locked Developing Countries,,2012,5.52
Land Locked Developing Countries,,2013,5.6
Land Locked Developing Countries,,2014,6.44
Land Locked Developing Countries,,2015,5.73
Land Locked Developing Countries,,2016,6.19
Land Locked Developing Countries,,2017,6.67
Latvia,LVA,2002,4.62
Latvia,LVA,2003,11.54
Latvia,LVA,2004,16.28
Latvia,LVA,2005,13.3
Latvia,LVA,2006,11.9
Latvia,LVA,2007,13.34
Latvia,LVA,2008,11.86
Latvia,LVA,2009,9.47
Latvia,LVA,2010,13.69
Latvia,LVA,2011,14.5
Latvia,LVA,2012,16.73
Latvia,LVA,2013,20.13
Latvia,LVA,2014,19.23
Latvia,LVA,2015,19.7
Latvia,LVA,2016,19.64
Latvia,LVA,2017,19.94
Least Developed Countries,,2002,3.86
Least Developed Countries,,2003,2.51
Least Developed Countries,,2004,3.94
Least Developed Countries,,2005,3.54
Least Developed Countries,,2006,3.27
Least Developed Countries,,2007,4.05
Least Developed Countries,,2008,2.2
Least Developed Countries,,2009,3.02
Least Developed Countries,,2010,4.23
Least Developed Countries,,2011,5.4
Least Developed Countries,,2012,5.5
Least Developed Countries,,2013,5
Least Developed Countries,,2014,5.72
Least Developed Countries,,2015,5.51
Least Developed Countries,,2016,5.94
Least Developed Countries,,2017,6.64
Lebanon,LBN,2002,23.61
Lebanon,LBN,2003,0
Lebanon,LBN,2004,0
Lebanon,LBN,2005,0
Lebanon,LBN,2006,0
Lebanon,LBN,2007,0
Lebanon,LBN,2008,9.23
Lebanon,LBN,2009,0
Lebanon,LBN,2010,0
Lebanon,LBN,2011,62
Lebanon,LBN,2012,29.96
Lebanon,LBN,2013,0
Lebanon,LBN,2014,9.23
Lebanon,LBN,2015,25.6
Lebanon,LBN,2016,235.59
Lebanon,LBN,2017,149.06
Libya,LBY,2002,14.58
Libya,LBY,2003,5.22
Libya,LBY,2004,9.84
Libya,LBY,2005,9.46
Libya,LBY,2006,10.8
Libya,LBY,2007,8.94
Libya,LBY,2008,7.86
Libya,LBY,2009,11.79
Libya,LBY,2010,15.94
Libya,LBY,2011,0
Libya,LBY,2012,4.68
Libya,LBY,2013,14.74
Libya,LBY,2014,10.17
Libya,LBY,2015,8.01
Libya,LBY,2016,5.21
Libya,LBY,2017,9.16
Lithuania,LTU,2002,40.08
Lithuania,LTU,2003,42.94
Lithuania,LTU,2004,57.09
Lithuania,LTU,2005,62.2
Lithuania,LTU,2006,42.75
Lithuania,LTU,2007,48.61
Lithuania,LTU,2008,40.91
Lithuania,LTU,2009,14.97
Lithuania,LTU,2010,32.73
Lithuania,LTU,2011,31.78
Lithuania,LTU,2012,17.01
Lithuania,LTU,2013,17.91
Lithuania,LTU,2014,18.65
Lithuania,LTU,2015,20.95
Lithuania,LTU,2016,23.37
Lithuania,LTU,2017,25.13
Low Income Food Deficit Countries,,2002,16.35
Low Income Food Deficit Countries,,2003,15.9
Low Income Food Deficit Countries,,2004,17.31
Low Income Food Deficit Countries,,2005,19.1
Low Income Food Deficit Countries,,2006,20.32
Low Income Food Deficit Countries,,2007,20.52
Low Income Food Deficit Countries,,2008,20.68
Low Income Food Deficit Countries,,2009,24.73
Low Income Food Deficit Countries,,2010,27.13
Low Income Food Deficit Countries,,2011,29.11
Low Income Food Deficit Countries,,2012,22.7
Low Income Food Deficit Countries,,2013,20.17
Low Income Food Deficit Countries,,2014,21.42
Low Income Food Deficit Countries,,2015,23.29
Low Income Food Deficit Countries,,2016,23.07
Low Income Food Deficit Countries,,2017,23.65
Luxembourg,LUX,2002,28.48
Luxembourg,LUX,2003,28.48
Luxembourg,LUX,2004,32.73
Luxembourg,LUX,2005,35.02
Luxembourg,LUX,2006,27.55
Luxembourg,LUX,2007,26.92
Luxembourg,LUX,2008,16.92
Luxembourg,LUX,2009,15.63
Luxembourg,LUX,2010,18.6
Luxembourg,LUX,2011,18.58
Luxembourg,LUX,2012,18.45
Luxembourg,LUX,2013,18.43
Luxembourg,LUX,2014,18.39
Luxembourg,LUX,2015,18.37
Luxembourg,LUX,2016,17.73
Luxembourg,LUX,2017,18.36
Madagascar,MDG,2002,0.5
Madagascar,MDG,2003,0.27
Madagascar,MDG,2004,0.53
Madagascar,MDG,2005,1.27
Madagascar,MDG,2006,0.57
Madagascar,MDG,2007,0.71
Madagascar,MDG,2008,0.66
Madagascar,MDG,2009,0.45
Madagascar,MDG,2010,0.57
Madagascar,MDG,2011,0.47
Madagascar,MDG,2012,0.63
Madagascar,MDG,2013,0.62
Madagascar,MDG,2014,1.11
Madagascar,MDG,2015,0.74
Madagascar,MDG,2016,1.2
Madagascar,MDG,2017,1.09
Malawi,MWI,2002,6.05
Malawi,MWI,2003,6.6
Malawi,MWI,2004,7.59
Malawi,MWI,2005,5.91
Malawi,MWI,2006,6.99
Malawi,MWI,2007,8.09
Malawi,MWI,2008,3.48
Malawi,MWI,2009,5.67
Malawi,MWI,2010,4.61
Malawi,MWI,2011,3.74
Malawi,MWI,2012,5.49
Malawi,MWI,2013,6.81
Malawi,MWI,2014,3.07
Malawi,MWI,2015,7.04
Malawi,MWI,2016,3.79
Malawi,MWI,2017,6.34
Malaysia,MYS,2002,4.99
Malaysia,MYS,2003,3.48
Malaysia,MYS,2004,7.01
Malaysia,MYS,2005,11.44
Malaysia,MYS,2006,11.27
Malaysia,MYS,2007,12.46
Malaysia,MYS,2008,10.12
Malaysia,MYS,2009,16.41
Malaysia,MYS,2010,43.71
Malaysia,MYS,2011,39.95
Malaysia,MYS,2012,52.82
Malaysia,MYS,2013,39.43
Malaysia,MYS,2014,42.59
Malaysia,MYS,2015,35.77
Malaysia,MYS,2016,34.72
Malaysia,MYS,2017,34.72
Maldives,MDV,2002,0.45
Maldives,MDV,2003,0.55
Maldives,MDV,2004,0.7
Maldives,MDV,2005,3.13
Maldives,MDV,2006,16.86
Maldives,MDV,2007,0.86
Maldives,MDV,2008,0.43
Maldives,MDV,2009,17.86
Maldives,MDV,2010,17.39
Maldives,MDV,2011,6.09
Maldives,MDV,2012,16.03
Maldives,MDV,2013,36.2
Maldives,MDV,2014,4.1
Maldives,MDV,2015,0.43
Maldives,MDV,2016,1.91
Maldives,MDV,2017,8.54
Mali,MLI,2004,18.56
Mali,MLI,2005,2.8
Mali,MLI,2006,3.18
Mali,MLI,2007,14.24
Mali,MLI,2008,1.23
Mali,MLI,2009,1.4
Mali,MLI,2010,5.36
Mali,MLI,2011,5.3
Mali,MLI,2012,2.82
Mali,MLI,2013,4.81
Mali,MLI,2014,6.65
Mali,MLI,2015,9.12
Mali,MLI,2016,11.59
Mali,MLI,2017,7.57
Malta,MLT,2002,15.6
Malta,MLT,2003,16.15
Malta,MLT,2004,26.3
Malta,MLT,2005,13.87
Malta,MLT,2006,12.83
Malta,MLT,2007,14.73
Malta,MLT,2008,13.01
Malta,MLT,2009,0.65
Malta,MLT,2010,6.87
Malta,MLT,2011,12.68
Malta,MLT,2012,6.16
Malta,MLT,2013,6.92
Malta,MLT,2014,6.33
Malta,MLT,2015,8.5
Malta,MLT,2016,12.31
Malta,MLT,2017,12.1
Marshall Islands,MHL,2002,0
Marshall Islands,MHL,2003,0
Marshall Islands,MHL,2004,0
Marshall Islands,MHL,2005,0
Marshall Islands,MHL,2006,0
Marshall Islands,MHL,2007,0
Marshall Islands,MHL,2008,0
Marshall Islands,MHL,2009,0
Marshall Islands,MHL,2010,0
Marshall Islands,MHL,2011,0
Marshall Islands,MHL,2012,0
Marshall Islands,MHL,2013,0
Marshall Islands,MHL,2014,0
Marshall Islands,MHL,2015,0
Marshall Islands,MHL,2016,0
Marshall Islands,MHL,2017,0
Mauritius,MUS,2002,43.13
Mauritius,MUS,2003,44.5
Mauritius,MUS,2004,44.2
Mauritius,MUS,2005,65.49
Mauritius,MUS,2006,38.99
Mauritius,MUS,2007,26.76
Mauritius,MUS,2008,71.01
Mauritius,MUS,2009,32.75
Mauritius,MUS,2010,27.57
Mauritius,MUS,2011,28.13
Mauritius,MUS,2012,43.87
Mauritius,MUS,2013,41.61
Mauritius,MUS,2014,52.2
Mauritius,MUS,2015,39.57
Mauritius,MUS,2016,54.47
Mauritius,MUS,2017,56.3
Melanesia,OWID_MNS,2002,29.98
Melanesia,OWID_MNS,2003,76.04
Melanesia,OWID_MNS,2004,1.36
Melanesia,OWID_MNS,2005,2.01
Melanesia,OWID_MNS,2006,2.3
Melanesia,OWID_MNS,2007,3.55
Melanesia,OWID_MNS,2008,2.54
Melanesia,OWID_MNS,2009,1.38
Melanesia,OWID_MNS,2010,2.61
Melanesia,OWID_MNS,2011,2.14
Melanesia,OWID_MNS,2012,1.7
Melanesia,OWID_MNS,2013,1.21
Melanesia,OWID_MNS,2014,2.42
Melanesia,OWID_MNS,2015,2.42
Melanesia,OWID_MNS,2016,3.53
Melanesia,OWID_MNS,2017,4.31
Mexico,MEX,2002,16.48
Mexico,MEX,2003,18.77
Mexico,MEX,2004,20
Mexico,MEX,2005,16.92
Mexico,MEX,2006,13.9
Mexico,MEX,2007,14.38
Mexico,MEX,2008,4.13
Mexico,MEX,2009,5.04
Mexico,MEX,2010,19.44
Mexico,MEX,2011,16.32
Mexico,MEX,2012,24.5
Mexico,MEX,2013,11.24
Mexico,MEX,2014,18.66
Mexico,MEX,2015,19.85
Mexico,MEX,2016,20.28
Mexico,MEX,2017,25.74
Micronesia (region),,2002,0
Micronesia (region),,2003,0
Micronesia (region),,2004,0
Micronesia (region),,2005,0
Micronesia (region),,2006,0
Micronesia (region),,2007,0
Micronesia (region),,2008,0
Micronesia (region),,2009,0
Micronesia (region),,2010,0
Micronesia (region),,2011,0
Micronesia (region),,2012,0
Micronesia (region),,2013,0
Micronesia (region),,2014,0
Micronesia (region),,2015,0
Micronesia (region),,2016,0
Micronesia (region),,2017,0
Middle Africa,,2002,0.84
Middle Africa,,2003,0.66
Middle Africa,,2004,0.82
Middle Africa,,2005,0.38
Middle Africa,,2006,0.63
Middle Africa,,2007,0.48
Middle Africa,,2008,0.56
Middle Africa,,2009,0.51
Middle Africa,,2010,0.9
Middle Africa,,2011,1.15
Middle Africa,,2012,0.81
Middle Africa,,2013,0.75
Middle Africa,,2014,0.76
Middle Africa,,2015,0.78
Middle Africa,,2016,0.83
Middle Africa,,2017,1.01
Moldova,MDA,2002,0.09
Moldova,MDA,2003,0.19
Moldova,MDA,2004,0.37
Moldova,MDA,2005,0.61
Moldova,MDA,2006,0.88
Moldova,MDA,2007,0.94
Moldova,MDA,2008,0.8
Moldova,MDA,2009,0.77
Moldova,MDA,2010,1.13
Moldova,MDA,2011,1.39
Moldova,MDA,2012,2.66
Moldova,MDA,2013,3.93
Moldova,MDA,2014,2.31
Moldova,MDA,2015,2.68
Moldova,MDA,2016,0.59
Moldova,MDA,2017,0.17
Mongolia,MNG,2006,0
Mongolia,MNG,2008,0.02
Mongolia,MNG,2009,0.02
Mongolia,MNG,2010,0.05
Mongolia,MNG,2011,0.03
Mongolia,MNG,2012,0
Mongolia,MNG,2013,0.01
Mongolia,MNG,2014,0.23
Mongolia,MNG,2015,3.11
Mongolia,MNG,2016,2.76
Mongolia,MNG,2017,1.11
Morocco,MAR,2002,25.12
Morocco,MAR,2003,22.22
Morocco,MAR,2004,12.06
Morocco,MAR,2005,12.73
Morocco,MAR,2006,11.37
Morocco,MAR,2007,12.59
Morocco,MAR,2008,10.8
Morocco,MAR,2009,12.18
Morocco,MAR,2010,22.31
Morocco,MAR,2011,22.89
Morocco,MAR,2012,26.51
Morocco,MAR,2013,24.41
Morocco,MAR,2014,24.99
Morocco,MAR,2015,24.75
Morocco,MAR,2016,24.61
Morocco,MAR,2017,23.86
Mozambique,MOZ,2002,0.43
Mozambique,MOZ,2003,0.29
Mozambique,MOZ,2004,0.72
Mozambique,MOZ,2005,0.08
Mozambique,MOZ,2006,0.55
Mozambique,MOZ,2007,0.2
Mozambique,MOZ,2008,1.83
Mozambique,MOZ,2009,0.81
Mozambique,MOZ,2010,0.43
Mozambique,MOZ,2011,1.25
Mozambique,MOZ,2012,0.61
Mozambique,MOZ,2013,0.44
Mozambique,MOZ,2014,0.97
Mozambique,MOZ,2015,0.92
Mozambique,MOZ,2016,0.41
Mozambique,MOZ,2017,0.7
Myanmar,MMR,2002,0.8
Myanmar,MMR,2003,2.22
Myanmar,MMR,2004,5.26
Myanmar,MMR,2005,0.73
Myanmar,MMR,2006,1.59
Myanmar,MMR,2007,5.91
Myanmar,MMR,2008,1.12
Myanmar,MMR,2009,0.4
Myanmar,MMR,2010,0.86
Myanmar,MMR,2011,2.67
Myanmar,MMR,2012,1.72
Myanmar,MMR,2013,1.07
Myanmar,MMR,2014,1.16
Myanmar,MMR,2015,2.2
Myanmar,MMR,2016,2.49
Myanmar,MMR,2017,7.47
Namibia,NAM,2002,0.18
Namibia,NAM,2003,0.25
Namibia,NAM,2004,0.42
Namibia,NAM,2005,0.37
Namibia,NAM,2006,0.26
Namibia,NAM,2007,0.36
Namibia,NAM,2008,0.02
Namibia,NAM,2009,0
Namibia,NAM,2010,0.48
Namibia,NAM,2011,0.33
Namibia,NAM,2012,1.19
Namibia,NAM,2013,0.82
Namibia,NAM,2014,0.75
Namibia,NAM,2015,0.74
Namibia,NAM,2016,1.12
Namibia,NAM,2017,0.89
Nauru,NRU,2012,0
Nauru,NRU,2013,0
Nauru,NRU,2014,0
Nauru,NRU,2015,0
Nauru,NRU,2016,0
Nauru,NRU,2017,0
Nepal,NPL,2002,6.25
Nepal,NPL,2003,2.14
Nepal,NPL,2004,3.68
Nepal,NPL,2005,2.07
Nepal,NPL,2006,1.66
Nepal,NPL,2007,0.57
Nepal,NPL,2008,0.1
Nepal,NPL,2009,4.94
Nepal,NPL,2010,4.34
Nepal,NPL,2011,9.2
Nepal,NPL,2012,3.98
Nepal,NPL,2013,14.78
Nepal,NPL,2014,18.03
Nepal,NPL,2015,20.13
Nepal,NPL,2016,18.72
Nepal,NPL,2017,17.31
Net Food Importing Developing Countries,,2002,8.77
Net Food Importing Developing Countries,,2003,7.95
Net Food Importing Developing Countries,,2004,8.61
Net Food Importing Developing Countries,,2005,9
Net Food Importing Developing Countries,,2006,8.74
Net Food Importing Developing Countries,,2007,8.89
Net Food Importing Developing Countries,,2008,7.74
Net Food Importing Developing Countries,,2009,7.99
Net Food Importing Developing Countries,,2010,9.92
Net Food Importing Developing Countries,,2011,10.55
Net Food Importing Developing Countries,,2012,10.51
Net Food Importing Developing Countries,,2013,10.65
Net Food Importing Developing Countries,,2014,11.19
Net Food Importing Developing Countries,,2015,11.36
Net Food Importing Developing Countries,,2016,12.23
Net Food Importing Developing Countries,,2017,13.3
Netherlands,NLD,2002,50.59
Netherlands,NLD,2003,55.91
Netherlands,NLD,2004,43.89
Netherlands,NLD,2005,42.55
Netherlands,NLD,2006,43.82
Netherlands,NLD,2007,32.97
Netherlands,NLD,2008,24.22
Netherlands,NLD,2009,9.09
Netherlands,NLD,2010,29.02
Netherlands,NLD,2011,14.34
Netherlands,NLD,2012,21.97
Netherlands,NLD,2013,8.48
Netherlands,NLD,2014,8.43
Netherlands,NLD,2015,8.52
Netherlands,NLD,2016,8.57
Netherlands,NLD,2017,8.5
New Caledonia,NCL,2002,50.19
New Caledonia,NCL,2003,151.32
New Caledonia,NCL,2004,35
New Caledonia,NCL,2005,51.6
New Caledonia,NCL,2006,40.66
New Caledonia,NCL,2007,47.74
New Caledonia,NCL,2008,35.94
New Caledonia,NCL,2009,14.06
New Caledonia,NCL,2010,21.42
New Caledonia,NCL,2011,30.58
New Caledonia,NCL,2012,34.97
New Caledonia,NCL,2013,36.18
New Caledonia,NCL,2014,40.04
New Caledonia,NCL,2015,38.77
New Caledonia,NCL,2016,38.67
New Caledonia,NCL,2017,38.67
Nicaragua,NIC,2002,6.34
Nicaragua,NIC,2003,8.66
Nicaragua,NIC,2004,7.13
Nicaragua,NIC,2005,4.76
Nicaragua,NIC,2006,3.03
Nicaragua,NIC,2007,6.54
Nicaragua,NIC,2008,5.22
Nicaragua,NIC,2009,3.23
Nicaragua,NIC,2010,1.87
Nicaragua,NIC,2011,8.06
Nicaragua,NIC,2012,5.36
Nicaragua,NIC,2013,6.75
Nicaragua,NIC,2014,7.36
Nicaragua,NIC,2015,9.74
Nicaragua,NIC,2016,8.73
Nicaragua,NIC,2017,12.36
Niger,NER,2002,0.13
Niger,NER,2003,0.09
Niger,NER,2004,0.05
Niger,NER,2005,0.11
Niger,NER,2006,0.15
Niger,NER,2007,0.15
Niger,NER,2008,0.03
Niger,NER,2009,0.07
Niger,NER,2010,0.13
Niger,NER,2011,0.12
Niger,NER,2012,0
Niger,NER,2013,0.14
Niger,NER,2014,0.1
Niger,NER,2015,0
Niger,NER,2016,0.01
Niger,NER,2017,0.01
Nigeria,NGA,2002,0.34
Nigeria,NGA,2003,0.52
Nigeria,NGA,2004,0.45
Nigeria,NGA,2005,0.49
Nigeria,NGA,2006,1.88
Nigeria,NGA,2007,0.92
Nigeria,NGA,2008,1.07
Nigeria,NGA,2009,0.91
Nigeria,NGA,2010,1.81
Nigeria,NGA,2011,1.02
Nigeria,NGA,2012,1.38
Nigeria,NGA,2013,0.45
Nigeria,NGA,2014,0.96
Nigeria,NGA,2015,1.26
Nigeria,NGA,2016,1.5
Nigeria,NGA,2017,2.35
North Macedonia,MKD,2002,0
North Macedonia,MKD,2003,0
North Macedonia,MKD,2004,6.82
North Macedonia,MKD,2005,11.11
North Macedonia,MKD,2006,9.34
North Macedonia,MKD,2007,11.52
North Macedonia,MKD,2008,9.33
North Macedonia,MKD,2009,7.43
North Macedonia,MKD,2010,10.04
North Macedonia,MKD,2011,9.96
North Macedonia,MKD,2012,8.13
North Macedonia,MKD,2013,12.15
North Macedonia,MKD,2014,12.15
North Macedonia,MKD,2015,10.06
North Macedonia,MKD,2016,13.02
North Macedonia,MKD,2017,9.49
Northern Africa,,2002,10.65
Northern Africa,,2003,10.09
Northern Africa,,2004,9.91
Northern Africa,,2005,9.32
Northern Africa,,2006,7.57
Northern Africa,,2007,7.77
Northern Africa,,2008,12.91
Northern Africa,,2009,9.94
Northern Africa,,2010,15.39
Northern Africa,,2011,20.63
Northern Africa,,2012,15.22
Northern Africa,,2013,13.93
Northern Africa,,2014,15.11
Northern Africa,,2015,13.53
Northern Africa,,2016,12.86
Northern Africa,,2017,16.07
Northern America,,2002,21.58
Northern America,,2003,22.76
Northern America,,2004,23.12
Northern America,,2005,23.06
Northern America,,2006,22.94
Northern America,,2007,23.16
Northern America,,2008,20.43
Northern America,,2009,18.9
Northern America,,2010,20.24
Northern America,,2011,23.67
Northern America,,2012,24.82
Northern America,,2013,26.08
Northern America,,2014,25.61
Northern America,,2015,25.02
Northern America,,2016,25.34
Northern America,,2017,25.57
Northern Europe,,2002,28.1
Northern Europe,,2003,29.1
Northern Europe,,2004,31.33
Northern Europe,,2005,29.99
Northern Europe,,2006,26.27
Northern Europe,,2007,26.41
Northern Europe,,2008,19.86
Northern Europe,,2009,17.23
Northern Europe,,2010,21.39
Northern Europe,,2011,21.15
Northern Europe,,2012,19.18
Northern Europe,,2013,20.77
Northern Europe,,2014,20.65
Northern Europe,,2015,21.14
Northern Europe,,2016,21.54
Northern Europe,,2017,21.31
Norway,NOR,2002,31.96
Norway,NOR,2003,32.93
Norway,NOR,2004,33.08
Norway,NOR,2005,33.03
Norway,NOR,2006,32.84
Norway,NOR,2007,32.33
Norway,NOR,2008,27.94
Norway,NOR,2009,22.36
Norway,NOR,2010,21.76
Norway,NOR,2011,24.44
Norway,NOR,2012,23.42
Norway,NOR,2013,23.9
Norway,NOR,2014,23.69
Norway,NOR,2015,26.25
Norway,NOR,2016,25.77
Norway,NOR,2017,24.74
OECD,,2002,26.45
OECD,,2003,27.43
OECD,,2004,28.02
OECD,,2005,27.14
OECD,,2006,26.18
OECD,,2007,27.13
OECD,,2008,20.68
OECD,,2009,19.14
OECD,,2010,22.72
OECD,,2011,23.62
OECD,,2012,25.27
OECD,,2013,25.59
OECD,,2014,25.41
OECD,,2015,25.84
OECD,,2016,26.17
OECD,,2017,26.41
Oceania,,2002,43.74
Oceania,,2003,44.3
Oceania,,2004,40.82
Oceania,,2005,37.18
Oceania,,2006,38.38
Oceania,,2007,39.94
Oceania,,2008,32
Oceania,,2009,22.36
Oceania,,2010,30.09
Oceania,,2011,26.29
Oceania,,2012,26.44
Oceania,,2013,25.49
Oceania,,2014,24.94
Oceania,,2015,31.65
Oceania,,2016,31.5
Oceania,,2017,28.7
Oman,OMN,2002,17.54
Oman,OMN,2003,19.52
Oman,OMN,2004,17.97
Oman,OMN,2005,21.75
Oman,OMN,2006,23.44
Oman,OMN,2007,19.02
Oman,OMN,2008,27
Oman,OMN,2009,22.49
Oman,OMN,2010,26.79
Oman,OMN,2011,18.9
Oman,OMN,2012,20.92
Oman,OMN,2013,23.15
Oman,OMN,2014,32.91
Oman,OMN,2015,28.28
Oman,OMN,2016,41.45
Oman,OMN,2017,34.16
Pakistan,PAK,2002,20.3
Pakistan,PAK,2003,21.02
Pakistan,PAK,2004,24.51
Pakistan,PAK,2005,28.14
Pakistan,PAK,2006,29.12
Pakistan,PAK,2007,26.31
Pakistan,PAK,2008,18.66
Pakistan,PAK,2009,25.72
Pakistan,PAK,2010,25.02
Pakistan,PAK,2011,21.11
Pakistan,PAK,2012,21.85
Pakistan,PAK,2013,27.99
Pakistan,PAK,2014,29.95
Pakistan,PAK,2015,31.84
Pakistan,PAK,2016,38.03
Pakistan,PAK,2017,39.3
Panama,PAN,2002,5.85
Panama,PAN,2003,8.41
Panama,PAN,2004,3.34
Panama,PAN,2005,2.31
Panama,PAN,2006,1.99
Panama,PAN,2007,2.56
Panama,PAN,2008,2.44
Panama,PAN,2009,5.21
Panama,PAN,2010,7.85
Panama,PAN,2011,5.84
Panama,PAN,2012,14.88
Panama,PAN,2013,18.02
Panama,PAN,2014,12.11
Panama,PAN,2015,16.18
Panama,PAN,2016,10.47
Panama,PAN,2017,15.83
Papua New Guinea,PNG,2002,35.66
Papua New Guinea,PNG,2003,98.33
Papua New Guinea,PNG,2004,1.32
Papua New Guinea,PNG,2005,1.93
Papua New Guinea,PNG,2006,2.47
Papua New Guinea,PNG,2007,4.03
Papua New Guinea,PNG,2008,2.66
Papua New Guinea,PNG,2009,1.02
Papua New Guinea,PNG,2010,2.82
Papua New Guinea,PNG,2011,2.35
Papua New Guinea,PNG,2012,1.41
Papua New Guinea,PNG,2013,0.34
Papua New Guinea,PNG,2014,0.48
Papua New Guinea,PNG,2015,2.02
Papua New Guinea,PNG,2016,1.91
Papua New Guinea,PNG,2017,2.16
Paraguay,PRY,2002,20.69
Paraguay,PRY,2003,28
Paraguay,PRY,2004,32.78
Paraguay,PRY,2005,29.18
Paraguay,PRY,2006,31.75
Paraguay,PRY,2007,37.44
Paraguay,PRY,2008,30.23
Paraguay,PRY,2009,28.31
Paraguay,PRY,2010,33.29
Paraguay,PRY,2011,40.6
Paraguay,PRY,2012,32.95
Paraguay,PRY,2013,37.25
Paraguay,PRY,2014,39.54
Paraguay,PRY,2015,38.16
Paraguay,PRY,2016,44.96
Paraguay,PRY,2017,43.27
Peru,PER,2002,10.51
Peru,PER,2003,12.95
Peru,PER,2004,15.16
Peru,PER,2005,13.03
Peru,PER,2006,16.8
Peru,PER,2007,12.65
Peru,PER,2008,8.55
Peru,PER,2009,18.46
Peru,PER,2010,15.95
Peru,PER,2011,17.36
Peru,PER,2012,13.64
Peru,PER,2013,13.08
Peru,PER,2014,16.02
Peru,PER,2015,17.33
Peru,PER,2016,17.95
Peru,PER,2017,20.61
Philippines,PHL,2002,23.57
Philippines,PHL,2003,21.43
Philippines,PHL,2004,12.98
Philippines,PHL,2005,13.93
Philippines,PHL,2006,14.76
Philippines,PHL,2007,19.94
Philippines,PHL,2008,7.54
Philippines,PHL,2009,6.15
Philippines,PHL,2010,8.72
Philippines,PHL,2011,14.03
Philippines,PHL,2012,7.36
Philippines,PHL,2013,18.41
Philippines,PHL,2014,12.44
Philippines,PHL,2015,12.19
Philippines,PHL,2016,11.5
Philippines,PHL,2017,14.2
Poland,POL,2002,22.69
Poland,POL,2003,24.95
Poland,POL,2004,25.02
Poland,POL,2005,35.29
Poland,POL,2006,32.33
Poland,POL,2007,37.9
Poland,POL,2008,30.22
Poland,POL,2009,28.27
Poland,POL,2010,36.4
Poland,POL,2011,32.28
Poland,POL,2012,33.04
Poland,POL,2013,30.44
Poland,POL,2014,26.86
Poland,POL,2015,28.9
Poland,POL,2016,30.66
Poland,POL,2017,30.02
Polynesia,OWID_PYA,2002,3.84
Polynesia,OWID_PYA,2003,10.61
Polynesia,OWID_PYA,2004,10.01
Polynesia,OWID_PYA,2005,11.83
Polynesia,OWID_PYA,2006,7.6
Polynesia,OWID_PYA,2007,3.77
Polynesia,OWID_PYA,2008,3.28
Polynesia,OWID_PYA,2009,3.15
Polynesia,OWID_PYA,2010,2.65
Polynesia,OWID_PYA,2011,2.29
Polynesia,OWID_PYA,2012,2.02
Polynesia,OWID_PYA,2013,8.27
Polynesia,OWID_PYA,2014,2.15
Polynesia,OWID_PYA,2015,3.17
Polynesia,OWID_PYA,2016,2.93
Polynesia,OWID_PYA,2017,2.71
Portugal,PRT,2002,32.93
Portugal,PRT,2003,38.64
Portugal,PRT,2004,53.37
Portugal,PRT,2005,37.6
Portugal,PRT,2006,25.79
Portugal,PRT,2007,36.21
Portugal,PRT,2008,21.17
Portugal,PRT,2009,13.83
Portugal,PRT,2010,22.26
Portugal,PRT,2011,15.99
Portugal,PRT,2012,17.87
Portugal,PRT,2013,21.01
Portugal,PRT,2014,22.88
Portugal,PRT,2015,25.34
Portugal,PRT,2016,28.19
Portugal,PRT,2017,30.12
Romania,ROU,2002,7.4
Romania,ROU,2003,9.66
Romania,ROU,2004,10.07
Romania,ROU,2005,14.55
Romania,ROU,2006,9.98
Romania,ROU,2007,11.31
Romania,ROU,2008,11.15
Romania,ROU,2009,10.87
Romania,ROU,2010,12.83
Romania,ROU,2011,13.38
Romania,ROU,2012,12.23
Romania,ROU,2013,12.39
Romania,ROU,2014,12.88
Romania,ROU,2015,14.41
Romania,ROU,2016,14.02
Romania,ROU,2017,14.09
Russia,RUS,2002,2.5
Russia,RUS,2003,2.44
Russia,RUS,2004,2.67
Russia,RUS,2005,2.81
Russia,RUS,2006,2.98
Russia,RUS,2007,3.31
Russia,RUS,2008,3.49
Russia,RUS,2009,3.19
Russia,RUS,2010,3.54
Russia,RUS,2011,3.46
Russia,RUS,2012,3.42
Russia,RUS,2013,3.55
Russia,RUS,2014,3.78
Russia,RUS,2015,3.8
Russia,RUS,2016,4.14
Russia,RUS,2017,4.79
Rwanda,RWA,2003,0.59
Rwanda,RWA,2004,0.46
Rwanda,RWA,2005,0.82
Rwanda,RWA,2006,1.13
Rwanda,RWA,2007,3.11
Rwanda,RWA,2008,3.16
Rwanda,RWA,2009,0.33
Rwanda,RWA,2011,0.02
Rwanda,RWA,2012,2.04
Rwanda,RWA,2013,2.99
Rwanda,RWA,2014,3.31
Rwanda,RWA,2015,5.02
Rwanda,RWA,2016,4.89
Rwanda,RWA,2017,4.89
Saint Kitts and Nevis,KNA,2002,1.97
Saint Kitts and Nevis,KNA,2003,1.97
Saint Kitts and Nevis,KNA,2004,1.99
Saint Kitts and Nevis,KNA,2005,3.5
Saint Kitts and Nevis,KNA,2006,5.99
Saint Kitts and Nevis,KNA,2007,3.42
Saint Kitts and Nevis,KNA,2008,5.85
Saint Kitts and Nevis,KNA,2009,3.33
Saint Kitts and Nevis,KNA,2010,3.04
Saint Kitts and Nevis,KNA,2011,2.75
Saint Kitts and Nevis,KNA,2012,2.75
Saint Kitts and Nevis,KNA,2013,0
Saint Kitts and Nevis,KNA,2014,7.46
Saint Kitts and Nevis,KNA,2015,2.73
Saint Kitts and Nevis,KNA,2016,2.7
Saint Kitts and Nevis,KNA,2017,1.89
Saint Lucia,LCA,2008,0.21
Saint Lucia,LCA,2009,8.6
Saint Lucia,LCA,2010,5.3
Saint Lucia,LCA,2011,5.3
Saint Lucia,LCA,2012,23.31
Saint Lucia,LCA,2013,7.17
Saint Lucia,LCA,2014,16.48
Saint Lucia,LCA,2015,13.69
Saint Lucia,LCA,2016,11.89
Saint Lucia,LCA,2017,13.58
Samoa,WSM,2002,0.07
Samoa,WSM,2003,0.29
Samoa,WSM,2004,0.35
Samoa,WSM,2005,0.34
Samoa,WSM,2006,0.22
Samoa,WSM,2007,0.32
Samoa,WSM,2008,0.5
Samoa,WSM,2009,0.43
Samoa,WSM,2010,0.17
Samoa,WSM,2011,0.17
Samoa,WSM,2012,0.06
Samoa,WSM,2013,0.25
Samoa,WSM,2014,0.02
Samoa,WSM,2015,0.26
Samoa,WSM,2016,0.05
Samoa,WSM,2017,0.12
Saudi Arabia,SAU,2002,34.85
Saudi Arabia,SAU,2003,36.33
Saudi Arabia,SAU,2004,37.48
Saudi Arabia,SAU,2005,32.28
Saudi Arabia,SAU,2006,37.29
Saudi Arabia,SAU,2007,41.09
Saudi Arabia,SAU,2008,20.72
Saudi Arabia,SAU,2009,20.38
Saudi Arabia,SAU,2010,19.08
Saudi Arabia,SAU,2011,18.6
Saudi Arabia,SAU,2012,17.94
Saudi Arabia,SAU,2013,26.25
Saudi Arabia,SAU,2014,24.05
Saudi Arabia,SAU,2015,26.96
Saudi Arabia,SAU,2016,26.11
Saudi Arabia,SAU,2017,26.16
Senegal,SEN,2002,3
Senegal,SEN,2003,3.53
Senegal,SEN,2004,3.77
Senegal,SEN,2005,3.67
Senegal,SEN,2006,1.14
Senegal,SEN,2007,1.17
Senegal,SEN,2008,1.12
Senegal,SEN,2009,0.97
Senegal,SEN,2010,0.71
Senegal,SEN,2011,0.16
Senegal,SEN,2012,2.54
Senegal,SEN,2013,3.27
Senegal,SEN,2014,3.09
Senegal,SEN,2015,4.69
Senegal,SEN,2016,4.69
Senegal,SEN,2017,4.69
Serbia,SRB,2006,24.92
Serbia,SRB,2007,34.66
Serbia,SRB,2008,22.83
Serbia,SRB,2009,32.1
Serbia,SRB,2010,25.76
Serbia,SRB,2011,33.74
Serbia,SRB,2012,51.94
Serbia,SRB,2013,44.59
Serbia,SRB,2014,35.31
Serbia,SRB,2015,51.57
Serbia,SRB,2016,84.44
Serbia,SRB,2017,75.15
Serbia and Montenegro,OWID_SRM,2002,14.56
Serbia and Montenegro,OWID_SRM,2003,19.55
Serbia and Montenegro,OWID_SRM,2004,23.42
Serbia and Montenegro,OWID_SRM,2005,20.75
Seychelles,SYC,2003,0.25
Seychelles,SYC,2004,1
Seychelles,SYC,2005,2.5
Seychelles,SYC,2008,3
Seychelles,SYC,2009,3.79
Seychelles,SYC,2010,2.08
Seychelles,SYC,2011,3.33
Seychelles,SYC,2012,13.1
Seychelles,SYC,2013,7.49
Seychelles,SYC,2014,2.03
Seychelles,SYC,2015,22.23
Seychelles,SYC,2016,7.69
Seychelles,SYC,2017,14.21
Slovakia,SVK,2002,12.34
Slovakia,SVK,2003,11.26
Slovakia,SVK,2004,12.71
Slovakia,SVK,2005,11.89
Slovakia,SVK,2006,14.29
Slovakia,SVK,2007,13.12
Slovakia,SVK,2008,10.49
Slovakia,SVK,2009,9.35
Slovakia,SVK,2010,10.68
Slovakia,SVK,2011,13.58
Slovakia,SVK,2012,14.53
Slovakia,SVK,2013,14.84
Slovakia,SVK,2014,16.48
Slovakia,SVK,2015,15.78
Slovakia,SVK,2016,17.8
Slovakia,SVK,2017,17.05
Slovenia,SVN,2002,75.5
Slovenia,SVN,2003,74.4
Slovenia,SVN,2004,69.72
Slovenia,SVN,2005,64.47
Slovenia,SVN,2006,63.04
Slovenia,SVN,2007,63
Slovenia,SVN,2008,50.91
Slovenia,SVN,2009,31.27
Slovenia,SVN,2010,41.48
Slovenia,SVN,2011,38.46
Slovenia,SVN,2012,37.73
Slovenia,SVN,2013,37.51
Slovenia,SVN,2014,38.55
Slovenia,SVN,2015,39.75
Slovenia,SVN,2016,38.54
Slovenia,SVN,2017,38.37
Small island developing States,,2002,9.82
Small island developing States,,2003,14.55
Small island developing States,,2004,3.09
Small island developing States,,2005,4.67
Small island developing States,,2006,6.6
Small island developing States,,2007,7.42
Small island developing States,,2008,10.46
Small island developing States,,2009,5.51
Small island developing States,,2010,8.63
Small island developing States,,2011,9.76
Small island developing States,,2012,10.36
Small island developing States,,2013,11.1
Small island developing States,,2014,10.93
Small island developing States,,2015,13.17
Small island developing States,,2016,11.61
Small island developing States,,2017,9.14
South Africa,ZAF,2002,15.95
South Africa,ZAF,2003,14.34
South Africa,ZAF,2004,16.66
South Africa,ZAF,2005,11.77
South Africa,ZAF,2006,15.72
South Africa,ZAF,2007,14.85
South Africa,ZAF,2008,14.04
South Africa,ZAF,2009,14.36
South Africa,ZAF,2010,13.27
South Africa,ZAF,2011,14.95
South Africa,ZAF,2012,15.31
South Africa,ZAF,2013,14.78
South Africa,ZAF,2014,18.65
South Africa,ZAF,2015,16.79
South Africa,ZAF,2016,16.79
South Africa,ZAF,2017,16.79
South America,,2002,31.98
South America,,2003,37.25
South America,,2004,44.59
South America,,2005,34.42
South America,,2006,37.03
South America,,2007,46.1
South America,,2008,37.85
South America,,2009,29.34
South America,,2010,37.77
South America,,2011,46.21
South America,,2012,43.13
South America,,2013,49.43
South America,,2014,50.68
South America,,2015,43.3
South America,,2016,46.1
South America,,2017,50.88
South Eastern Asia,,2002,15.37
South Eastern Asia,,2003,19.67
South Eastern Asia,,2004,16.28
South Eastern Asia,,2005,16.27
South Eastern Asia,,2006,18.42
South Eastern Asia,,2007,20.46
South Eastern Asia,,2008,15.45
South Eastern Asia,,2009,17.53
South Eastern Asia,,2010,19.41
South Eastern Asia,,2011,19.94
South Eastern Asia,,2012,22.02
South Eastern Asia,,2013,24.07
South Eastern Asia,,2014,22.82
South Eastern Asia,,2015,20.74
South Eastern Asia,,2016,20.83
South Eastern Asia,,2017,21.19
South Korea,KOR,2002,115.02
South Korea,KOR,2003,119.09
South Korea,KOR,2004,129.72
South Korea,KOR,2005,174.26
South Korea,KOR,2006,126.58
South Korea,KOR,2007,129.39
South Korea,KOR,2008,114.09
South Korea,KOR,2009,81.46
South Korea,KOR,2010,85.41
South Korea,KOR,2011,81.65
South Korea,KOR,2012,123.38
South Korea,KOR,2013,88.13
South Korea,KOR,2014,88.41
South Korea,KOR,2015,86.86
South Korea,KOR,2016,90.59
South Korea,KOR,2017,83.82
Southern Africa,,2002,15.08
Southern Africa,,2003,13.56
Southern Africa,,2004,15.74
Southern Africa,,2005,11.12
Southern Africa,,2006,14.8
Southern Africa,,2007,14
Southern Africa,,2008,13.23
Southern Africa,,2009,13.28
Southern Africa,,2010,12.35
Southern Africa,,2011,13.77
Southern Africa,,2012,14.16
Southern Africa,,2013,13.67
Southern Africa,,2014,17.12
Southern Africa,,2015,15.58
Southern Africa,,2016,15.6
Southern Africa,,2017,15.59
Southern Asia,,2002,22.43
Southern Asia,,2003,22.6
Southern Asia,,2004,25.61
Southern Asia,,2005,28.84
Southern Asia,,2006,30.77
Southern Asia,,2007,29.33
Southern Asia,,2008,30.16
Southern Asia,,2009,36.1
Southern Asia,,2010,40.87
Southern Asia,,2011,40.68
Southern Asia,,2012,33.55
Southern Asia,,2013,30.61
Southern Asia,,2014,33.39
Southern Asia,,2015,36.93
Southern Asia,,2016,36.54
Southern Asia,,2017,37.33
Southern Europe,,2002,29.73
Southern Europe,,2003,31.15
Southern Europe,,2004,32.93
Southern Europe,,2005,29.05
Southern Europe,,2006,26.59
Southern Europe,,2007,30.15
Southern Europe,,2008,19.63
Southern Europe,,2009,17.05
Southern Europe,,2010,22.49
Southern Europe,,2011,24.58
Southern Europe,,2012,21.95
Southern Europe,,2013,23.72
Southern Europe,,2014,22.41
Southern Europe,,2015,24.04
Southern Europe,,2016,26.41
Southern Europe,,2017,26.47
Spain,ESP,2002,33.84
Spain,ESP,2003,34.17
Spain,ESP,2004,32.79
Spain,ESP,2005,28.77
Spain,ESP,2006,25.74
Spain,ESP,2007,31.87
Spain,ESP,2008,15.72
Spain,ESP,2009,15.35
Spain,ESP,2010,19.55
Spain,ESP,2011,21.35
Spain,ESP,2012,21.47
Spain,ESP,2013,25.27
Spain,ESP,2014,23.19
Spain,ESP,2015,23.96
Spain,ESP,2016,24.36
Spain,ESP,2017,25.7
Sri Lanka,LKA,2002,18.35
Sri Lanka,LKA,2003,19.41
Sri Lanka,LKA,2004,18.31
Sri Lanka,LKA,2005,17.82
Sri Lanka,LKA,2006,25.46
Sri Lanka,LKA,2007,25.28
Sri Lanka,LKA,2008,32.04
Sri Lanka,LKA,2009,25.37
Sri Lanka,LKA,2010,23.25
Sri Lanka,LKA,2011,27.26
Sri Lanka,LKA,2012,27.84
Sri Lanka,LKA,2013,19.08
Sri Lanka,LKA,2014,27.2
Sri Lanka,LKA,2015,29.32
Sri Lanka,LKA,2016,12.52
Sri Lanka,LKA,2017,8.46
Sudan,SDN,2012,1.78
Sudan,SDN,2013,0.14
Sudan,SDN,2014,1.83
Sudan,SDN,2015,0.37
Sudan,SDN,2016,0.47
Sudan,SDN,2017,0.24
Sudan (former),,2002,0.18
Sudan (former),,2003,0.31
Sudan (former),,2004,0.46
Sudan (former),,2005,0.55
Sudan (former),,2006,0.15
Sudan (former),,2007,0.15
Sudan (former),,2008,0.6
Sudan (former),,2009,3.45
Sudan (former),,2010,3.45
Suriname,SUR,2002,2.29
Suriname,SUR,2003,4.36
Suriname,SUR,2004,10.14
Suriname,SUR,2005,5.05
Suriname,SUR,2006,10.36
Suriname,SUR,2007,13.87
Suriname,SUR,2008,108.85
Suriname,SUR,2009,13.29
Suriname,SUR,2010,15.11
Suriname,SUR,2011,21.9
Suriname,SUR,2012,31.4
Suriname,SUR,2013,31.22
Suriname,SUR,2014,24.74
Suriname,SUR,2015,20.07
Suriname,SUR,2016,15.39
Suriname,SUR,2017,19.69
Sweden,SWE,2002,14.29
Sweden,SWE,2003,14.28
Sweden,SWE,2004,14.47
Sweden,SWE,2005,13.06
Sweden,SWE,2006,11.92
Sweden,SWE,2007,11.86
Sweden,SWE,2008,12.71
Sweden,SWE,2009,3.06
Sweden,SWE,2010,8.5
Sweden,SWE,2011,9.28
Sweden,SWE,2012,9.1
Sweden,SWE,2013,10.39
Sweden,SWE,2014,10.66
Sweden,SWE,2015,11.05
Sweden,SWE,2016,11.64
Sweden,SWE,2017,12.83
Switzerland,CHE,2002,36.74
Switzerland,CHE,2003,36.61
Switzerland,CHE,2004,38.09
Switzerland,CHE,2005,36.84
Switzerland,CHE,2006,39.4
Switzerland,CHE,2007,39.21
Switzerland,CHE,2008,36.47
Switzerland,CHE,2009,27.18
Switzerland,CHE,2010,37.37
Switzerland,CHE,2011,38.21
Switzerland,CHE,2012,29.17
Switzerland,CHE,2013,34.99
Switzerland,CHE,2014,33.24
Switzerland,CHE,2015,34.33
Switzerland,CHE,2016,33.91
Switzerland,CHE,2017,32.19
Syria,SYR,2002,16.88
Syria,SYR,2003,18.53
Syria,SYR,2004,20
Syria,SYR,2005,21.92
Syria,SYR,2006,19.62
Syria,SYR,2007,19.18
Syria,SYR,2008,23.16
Syria,SYR,2009,15.26
Syria,SYR,2010,6.15
Syria,SYR,2011,16.62
Syria,SYR,2012,5.06
Syria,SYR,2013,6.55
Syria,SYR,2014,0
Syria,SYR,2015,0
Syria,SYR,2016,0
Syria,SYR,2017,0
Tajikistan,TJK,2004,0
Tajikistan,TJK,2005,0
Tajikistan,TJK,2011,0.56
Tajikistan,TJK,2012,1.96
Tajikistan,TJK,2013,2.81
Tajikistan,TJK,2014,4.73
Tajikistan,TJK,2015,1.68
Tajikistan,TJK,2016,2.08
Tajikistan,TJK,2017,3.66
Tanzania,TZA,2002,0.52
Tanzania,TZA,2003,0.62
Tanzania,TZA,2004,0.87
Tanzania,TZA,2005,1.48
Tanzania,TZA,2006,1.02
Tanzania,TZA,2007,0.77
Tanzania,TZA,2008,0.71
Tanzania,TZA,2009,1.12
Tanzania,TZA,2010,2.03
Tanzania,TZA,2011,2.02
Tanzania,TZA,2012,2.56
Tanzania,TZA,2013,1.78
Tanzania,TZA,2014,1.73
Tanzania,TZA,2015,2.12
Tanzania,TZA,2016,3.49
Tanzania,TZA,2017,2.98
Thailand,THA,2002,22.32
Thailand,THA,2003,29.03
Thailand,THA,2004,24.31
Thailand,THA,2005,16.72
Thailand,THA,2006,21.18
Thailand,THA,2007,23.79
Thailand,THA,2008,18.16
Thailand,THA,2009,12.19
Thailand,THA,2010,21.47
Thailand,THA,2011,20.85
Thailand,THA,2012,22.16
Thailand,THA,2013,26.67
Thailand,THA,2014,19.17
Thailand,THA,2015,16.39
Thailand,THA,2016,15.12
Thailand,THA,2017,15.12
Togo,TGO,2002,1.48
Togo,TGO,2003,2.3
Togo,TGO,2004,0.74
Togo,TGO,2005,2.99
Togo,TGO,2006,1.59
Togo,TGO,2007,1.81
Togo,TGO,2008,0
Togo,TGO,2009,2.05
Togo,TGO,2010,1.14
Togo,TGO,2011,0.91
Togo,TGO,2012,2.13
Togo,TGO,2013,11.79
Togo,TGO,2014,0
Togo,TGO,2015,6.9
Togo,TGO,2016,3.67
Togo,TGO,2017,0.33
Tonga,TON,2002,2.92
Tonga,TON,2003,28.81
Tonga,TON,2004,24.19
Tonga,TON,2005,31.85
Tonga,TON,2006,15.93
Tonga,TON,2007,2.41
Tonga,TON,2008,1.15
Tonga,TON,2009,0.86
Tonga,TON,2010,0.07
Tonga,TON,2011,0.04
Tonga,TON,2012,0.05
Tonga,TON,2013,18.01
Tonga,TON,2014,1.59
Tonga,TON,2015,2.21
Tonga,TON,2016,2.2
Tonga,TON,2017,1.57
Trinidad and Tobago,TTO,2002,15.09
Trinidad and Tobago,TTO,2003,15.09
Trinidad and Tobago,TTO,2004,6.25
Trinidad and Tobago,TTO,2005,6.38
Trinidad and Tobago,TTO,2006,6.38
Trinidad and Tobago,TTO,2007,6.38
Trinidad and Tobago,TTO,2008,2.13
Trinidad and Tobago,TTO,2009,4.26
Trinidad and Tobago,TTO,2010,2.13
Trinidad and Tobago,TTO,2011,4.26
Trinidad and Tobago,TTO,2012,6.38
Trinidad and Tobago,TTO,2013,8.51
Trinidad and Tobago,TTO,2014,10.64
Trinidad and Tobago,TTO,2015,10.64
Trinidad and Tobago,TTO,2016,10.64
Trinidad and Tobago,TTO,2017,10.64
Tunisia,TUN,2002,8.56
Tunisia,TUN,2003,10.34
Tunisia,TUN,2004,4.99
Tunisia,TUN,2005,10.36
Tunisia,TUN,2006,0
Tunisia,TUN,2007,2.72
Tunisia,TUN,2008,47.52
Tunisia,TUN,2009,0
Tunisia,TUN,2010,23.01
Tunisia,TUN,2011,5.39
Tunisia,TUN,2012,9.72
Tunisia,TUN,2013,0
Tunisia,TUN,2014,0
Tunisia,TUN,2015,8.26
Tunisia,TUN,2016,3.26
Tunisia,TUN,2017,34.79
Turkey,TUR,2002,17.84
Turkey,TUR,2003,20.98
Turkey,TUR,2004,22.19
Turkey,TUR,2005,22.61
Turkey,TUR,2006,23.39
Turkey,TUR,2007,20.8
Turkey,TUR,2008,13.42
Turkey,TUR,2009,26.07
Turkey,TUR,2010,24.83
Turkey,TUR,2011,20.74
Turkey,TUR,2012,22.36
Turkey,TUR,2013,26.15
Turkey,TUR,2014,23.82
Turkey,TUR,2015,24.42
Turkey,TUR,2016,33.42
Turkey,TUR,2017,32.28
Uganda,UGA,2002,0.28
Uganda,UGA,2003,0.37
Uganda,UGA,2004,0.4
Uganda,UGA,2005,0.25
Uganda,UGA,2006,0.26
Uganda,UGA,2007,0.26
Uganda,UGA,2008,0.64
Uganda,UGA,2009,0.47
Uganda,UGA,2010,0.31
Uganda,UGA,2011,0.29
Uganda,UGA,2012,0.39
Uganda,UGA,2013,0.45
Uganda,UGA,2014,0.37
Uganda,UGA,2015,0.66
Uganda,UGA,2016,0.26
Uganda,UGA,2017,0.44
Ukraine,UKR,2002,0.99
Ukraine,UKR,2003,2.33
Ukraine,UKR,2004,2.57
Ukraine,UKR,2005,3.05
Ukraine,UKR,2006,3.86
Ukraine,UKR,2007,5.06
Ukraine,UKR,2008,5.2
Ukraine,UKR,2009,4
Ukraine,UKR,2010,4.72
Ukraine,UKR,2011,5.84
Ukraine,UKR,2012,6.63
Ukraine,UKR,2013,7.04
Ukraine,UKR,2014,7.16
Ukraine,UKR,2015,6.63
Ukraine,UKR,2016,8.52
Ukraine,UKR,2017,10.79
United Kingdom,GBR,2002,48.32
United Kingdom,GBR,2003,48.7
United Kingdom,GBR,2004,44.14
United Kingdom,GBR,2005,40.69
United Kingdom,GBR,2006,36.49
United Kingdom,GBR,2007,35.07
United Kingdom,GBR,2008,21.32
United Kingdom,GBR,2009,30.2
United Kingdom,GBR,2010,31.91
United Kingdom,GBR,2011,30.78
United Kingdom,GBR,2012,31
United Kingdom,GBR,2013,31.85
United Kingdom,GBR,2014,31.21
United Kingdom,GBR,2015,32.5
United Kingdom,GBR,2016,32.6
United Kingdom,GBR,2017,30.67
United States,USA,2002,22.85
United States,USA,2003,24.11
United States,USA,2004,24.97
United States,USA,2005,24.39
United States,USA,2006,24.67
United States,USA,2007,24.14
United States,USA,2008,21.15
United States,USA,2009,19.9
United States,USA,2010,20.96
United States,USA,2011,24.08
United States,USA,2012,25.89
United States,USA,2013,26.92
United States,USA,2014,25.84
United States,USA,2015,24.75
United States,USA,2016,25.4
United States,USA,2017,25.31
Uruguay,URY,2002,40.67
Uruguay,URY,2003,58.39
Uruguay,URY,2004,67.26
Uruguay,URY,2005,83.25
Uruguay,URY,2006,76.46
Uruguay,URY,2007,75.12
Uruguay,URY,2008,50.13
Uruguay,URY,2009,44.02
Uruguay,URY,2010,54.52
Uruguay,URY,2011,64.99
Uruguay,URY,2012,69.83
Uruguay,URY,2013,103.2
Uruguay,URY,2014,75.17
Uruguay,URY,2015,44.35
Uruguay,URY,2016,57.49
Uruguay,URY,2017,57.68
Uzbekistan,UZB,2002,30.04
Uzbekistan,UZB,2003,26.3
Uzbekistan,UZB,2004,26.93
Uzbekistan,UZB,2005,22.26
Uzbekistan,UZB,2006,30.99
Uzbekistan,UZB,2007,31.28
Uzbekistan,UZB,2008,31.77
Uzbekistan,UZB,2009,40.91
Uzbekistan,UZB,2010,40.97
Uzbekistan,UZB,2011,41.04
Uzbekistan,UZB,2012,41.66
Uzbekistan,UZB,2013,44.9
Uzbekistan,UZB,2014,49.43
Uzbekistan,UZB,2015,49.84
Uzbekistan,UZB,2016,51.08
Uzbekistan,UZB,2017,51.11
Venezuela,VEN,2002,15.15
Venezuela,VEN,2003,15.3
Venezuela,VEN,2004,15.22
Venezuela,VEN,2005,17.29
Venezuela,VEN,2006,16.39
Venezuela,VEN,2007,23.3
Venezuela,VEN,2008,24.22
Venezuela,VEN,2009,18.57
Venezuela,VEN,2010,22.16
Venezuela,VEN,2011,27.32
Venezuela,VEN,2012,36.99
Venezuela,VEN,2013,37.81
Venezuela,VEN,2014,36.64
Venezuela,VEN,2015,38.09
Venezuela,VEN,2016,30.42
Venezuela,VEN,2017,30.42
Vietnam,VNM,2002,58.07
Vietnam,VNM,2003,68.24
Vietnam,VNM,2004,69.47
Vietnam,VNM,2005,80.04
Vietnam,VNM,2006,89.24
Vietnam,VNM,2007,97.13
Vietnam,VNM,2008,76.95
Vietnam,VNM,2009,96.88
Vietnam,VNM,2010,73.24
Vietnam,VNM,2011,68.53
Vietnam,VNM,2012,67.99
Vietnam,VNM,2013,83.55
Vietnam,VNM,2014,85.28
Vietnam,VNM,2015,65.68
Vietnam,VNM,2016,71.48
Vietnam,VNM,2017,75.74
Western Africa,,2002,0.8
Western Africa,,2003,1.04
Western Africa,,2004,1.71
Western Africa,,2005,1.04
Western Africa,,2006,1.76
Western Africa,,2007,1.86
Western Africa,,2008,0.89
Western Africa,,2009,1.21
Western Africa,,2010,1.89
Western Africa,,2011,1.37
Western Africa,,2012,2.1
Western Africa,,2013,2.03
Western Africa,,2014,1.72
Western Africa,,2015,2.51
Western Africa,,2016,2.7
Western Africa,,2017,2.55
Western Asia,,2002,18.03
Western Asia,,2003,20.23
Western Asia,,2004,18.83
Western Asia,,2005,19.83
Western Asia,,2006,20.28
Western Asia,,2007,19.72
Western Asia,,2008,14.8
Western Asia,,2009,20.65
Western Asia,,2010,17.93
Western Asia,,2011,17.04
Western Asia,,2012,16.52
Western Asia,,2013,19.73
Western Asia,,2014,16.19
Western Asia,,2015,16.45
Western Asia,,2016,22.95
Western Asia,,2017,22.26
World,OWID_WRL,2002,23.05
World,OWID_WRL,2003,23.62
World,OWID_WRL,2004,25.22
World,OWID_WRL,2005,25.24
World,OWID_WRL,2006,26.1
World,OWID_WRL,2007,26.04
World,OWID_WRL,2008,23.73
World,OWID_WRL,2009,24.9
World,OWID_WRL,2010,28.71
World,OWID_WRL,2011,29.43
World,OWID_WRL,2012,28.4
World,OWID_WRL,2013,28.59
World,OWID_WRL,2014,28.64
World,OWID_WRL,2015,27
World,OWID_WRL,2016,28.21
World,OWID_WRL,2017,28.85
Yemen,YEM,2004,0.13
Yemen,YEM,2005,0.57
Yemen,YEM,2006,0.07
Yemen,YEM,2012,2.46
Yemen,YEM,2013,5.66
Yemen,YEM,2014,0.83
Yemen,YEM,2015,0.39
Yemen,YEM,2016,0.87
Yemen,YEM,2017,0.67
Zambia,ZMB,2002,5.15
Zambia,ZMB,2003,5
Zambia,ZMB,2004,3.94
Zambia,ZMB,2005,1.73
Zambia,ZMB,2006,2.81
Zambia,ZMB,2007,3.88
Zambia,ZMB,2008,2.88
Zambia,ZMB,2009,1.74
Zambia,ZMB,2010,2.45
Zambia,ZMB,2011,7.37
Zambia,ZMB,2012,6.64
Zambia,ZMB,2013,8.08
Zambia,ZMB,2014,10.22
Zambia,ZMB,2015,10.24
Zambia,ZMB,2016,9.99
Zambia,ZMB,2017,9.73
Zimbabwe,ZWE,2002,12.82
Zimbabwe,ZWE,2003,11.84
Zimbabwe,ZWE,2004,5.23
Zimbabwe,ZWE,2005,5.19
Zimbabwe,ZWE,2006,10.79
Zimbabwe,ZWE,2007,7.39
Zimbabwe,ZWE,2008,7.04
Zimbabwe,ZWE,2009,9.75
Zimbabwe,ZWE,2010,11.66
Zimbabwe,ZWE,2011,9.07
Zimbabwe,ZWE,2012,4.88
Zimbabwe,ZWE,2013,5.78
Zimbabwe,ZWE,2014,7.66
Zimbabwe,ZWE,2015,7.22
Zimbabwe,ZWE,2016,9.59
Zimbabwe,ZWE,2017,9.59