,Entity,Code,Year,Fertilizers indicators - Nutrient nitrogen N (total) - 3102 - Use per area of cropland - 5159 - kg/ha
0,Afghanistan,AFG,2002,3.16
1,Afghanistan,AFG,2003,2.58
2,Afghanistan,AFG,2004,2.82
3,Afghanistan,AFG,2005,2.59
4,Afghanistan,AFG,2006,2.59
5,Afghanistan,AFG,2007,2.07
6,Afghanistan,AFG,2008,1.82
7,Afghanistan,AFG,2009,1.79
8,Afghanistan,AFG,2010,1.63
9,Afghanistan,AFG,2011,2.9
10,Afghanistan,AFG,2012,2.16
11,Afghanistan,AFG,2013,4.41
12,Afghanistan,AFG,2014,9.34
13,Afghanistan,AFG,2015,2.66
14,Afghanistan,AFG,2016,12.22
15,Afghanistan,AFG,2017,17.8
32,Albania,ALB,2002,54.67
33,Albania,ALB,2003,53.47
34,Albania,ALB,2004,51.67
35,Albania,ALB,2005,56.47
36,Albania,ALB,2006,43.03
37,Albania,ALB,2007,45.11
38,Albania,ALB,2008,41.24
39,Albania,ALB,2009,48.76
40,Albania,ALB,2010,44.96
41,Albania,ALB,2011,53.01
42,Albania,ALB,2012,50.21
43,Albania,ALB,2013,44.11
44,Albania,ALB,2014,44.13
45,Albania,ALB,2015,52.87
46,Albania,ALB,2016,60.98
47,Albania,ALB,2017,56.7
48,Algeria,DZA,2002,3.42
49,Algeria,DZA,2003,2.07
50,Algeria,DZA,2004,12.62
51,Algeria,DZA,2005,0.49
52,Algeria,DZA,2006,5.23
53,Algeria,DZA,2007,4.37
54,Algeria,DZA,2008,2.75
55,Algeria,DZA,2009,4.42
56,Algeria,DZA,2010,7.15
57,Algeria,DZA,2011,6.69
58,Algeria,DZA,2012,8.61
59,Algeria,DZA,2013,7.59
60,Algeria,DZA,2014,9.06
61,Algeria,DZA,2015,8.79
62,Algeria,DZA,2016,8.34
63,Algeria,DZA,2017,8.27
80,Angola,AGO,2002,0.81
81,Angola,AGO,2003,0.5
82,Angola,AGO,2004,2.0
83,Angola,AGO,2005,1.03
84,Angola,AGO,2006,1.85
85,Angola,AGO,2007,1.51
86,Angola,AGO,2008,2.21
87,Angola,AGO,2009,2.44
88,Angola,AGO,2010,3.96
89,Angola,AGO,2011,3.28
90,Angola,AGO,2012,3.89
91,Angola,AGO,2013,3.94
92,Angola,AGO,2014,5.32
93,Angola,AGO,2015,4.91
94,Angola,AGO,2016,4.0
95,Angola,AGO,2017,5.12
96,Antigua and Barbuda,ATG,2002,2.0
97,Antigua and Barbuda,ATG,2003,6.6
98,Antigua and Barbuda,ATG,2004,0.0
99,Antigua and Barbuda,ATG,2005,3.4
100,Antigua and Barbuda,ATG,2006,1.8
101,Antigua and Barbuda,ATG,2007,0.4
102,Antigua and Barbuda,ATG,2008,1.8
103,Antigua and Barbuda,ATG,2009,4.6
104,Antigua and Barbuda,ATG,2010,0.8
105,Antigua and Barbuda,ATG,2011,0.8
106,Antigua and Barbuda,ATG,2012,5.34
107,Antigua and Barbuda,ATG,2013,6.48
108,Antigua and Barbuda,ATG,2014,4.12
109,Antigua and Barbuda,ATG,2015,1.7
110,Antigua and Barbuda,ATG,2016,12.23
111,Antigua and Barbuda,ATG,2017,1.8
112,Argentina,ARG,2002,18.52
113,Argentina,ARG,2003,24.95
114,Argentina,ARG,2004,25.06
115,Argentina,ARG,2005,18.89
116,Argentina,ARG,2006,21.97
117,Argentina,ARG,2007,26.22
118,Argentina,ARG,2008,21.01
119,Argentina,ARG,2009,13.52
120,Argentina,ARG,2010,19.79
121,Argentina,ARG,2011,21.55
122,Argentina,ARG,2012,18.03
123,Argentina,ARG,2013,19.37
124,Argentina,ARG,2014,19.5
125,Argentina,ARG,2015,15.01
126,Argentina,ARG,2016,23.12
127,Argentina,ARG,2017,24.27
128,Armenia,ARM,2002,31.98
129,Armenia,ARM,2003,21.15
130,Armenia,ARM,2004,26.11
131,Armenia,ARM,2005,20.3
132,Armenia,ARM,2006,114.9
133,Armenia,ARM,2007,52.97
134,Armenia,ARM,2008,48.24
135,Armenia,ARM,2009,78.71
136,Armenia,ARM,2010,58.75
137,Armenia,ARM,2011,71.52
138,Armenia,ARM,2012,113.73
139,Armenia,ARM,2013,115.82
140,Armenia,ARM,2014,96.35
141,Armenia,ARM,2015,125.48
142,Armenia,ARM,2016,290.03
143,Armenia,ARM,2017,178.39
176,Australia,AUS,2002,40.74
177,Australia,AUS,2003,39.57
178,Australia,AUS,2004,40.5
179,Australia,AUS,2005,35.61
180,Australia,AUS,2006,34.93
181,Australia,AUS,2007,36.07
182,Australia,AUS,2008,34.26
183,Australia,AUS,2009,30.89
184,Australia,AUS,2010,37.81
185,Australia,AUS,2011,34.26
186,Australia,AUS,2012,35.15
187,Australia,AUS,2013,38.66
188,Australia,AUS,2014,38.8
189,Australia,AUS,2015,37.31
190,Australia,AUS,2016,34.7
191,Australia,AUS,2017,35.09
208,Austria,AUT,2002,117.43
209,Austria,AUT,2003,205.95
210,Austria,AUT,2004,66.49
211,Austria,AUT,2005,70.34
212,Austria,AUT,2006,67.27
213,Austria,AUT,2007,57.22
214,Austria,AUT,2008,58.6
215,Austria,AUT,2009,55.6
216,Austria,AUT,2010,60.28
217,Austria,AUT,2011,60.48
218,Austria,AUT,2012,74.63
219,Austria,AUT,2013,76.49
220,Austria,AUT,2014,81.66
221,Austria,AUT,2015,85.31
222,Austria,AUT,2016,83.49
223,Austria,AUT,2017,81.92
224,Azerbaijan,AZE,2002,7.63
225,Azerbaijan,AZE,2003,6.1
226,Azerbaijan,AZE,2004,9.52
227,Azerbaijan,AZE,2005,8.51
228,Azerbaijan,AZE,2006,9.87
229,Azerbaijan,AZE,2007,8.07
230,Azerbaijan,AZE,2008,14.21
231,Azerbaijan,AZE,2009,9.17
232,Azerbaijan,AZE,2010,6.07
233,Azerbaijan,AZE,2011,10.65
234,Azerbaijan,AZE,2012,12.94
235,Azerbaijan,AZE,2013,11.78
236,Azerbaijan,AZE,2014,17.57
237,Azerbaijan,AZE,2015,1.96
238,Azerbaijan,AZE,2016,11.77
239,Azerbaijan,AZE,2017,3.7
240,Bahamas,BHS,2012,58.05
241,Bahamas,BHS,2013,40.82
242,Bahamas,BHS,2014,46.31
243,Bahamas,BHS,2015,55.25
244,Bahamas,BHS,2016,55.25
245,Bahamas,BHS,2017,55.25
246,Bangladesh,BGD,2002,123.28
247,Bangladesh,BGD,2003,109.0
248,Bangladesh,BGD,2004,109.37
249,Bangladesh,BGD,2005,114.03
250,Bangladesh,BGD,2006,126.6
251,Bangladesh,BGD,2007,120.99
252,Bangladesh,BGD,2008,148.73
253,Bangladesh,BGD,2009,133.72
254,Bangladesh,BGD,2010,135.03
255,Bangladesh,BGD,2011,149.49
256,Bangladesh,BGD,2012,132.6
257,Bangladesh,BGD,2013,130.67
258,Bangladesh,BGD,2014,144.75
259,Bangladesh,BGD,2015,154.28
260,Bangladesh,BGD,2016,136.41
261,Bangladesh,BGD,2017,144.45
262,Barbados,BRB,2002,39.13
263,Barbados,BRB,2003,44.87
264,Barbados,BRB,2004,196.86
265,Barbados,BRB,2005,88.0
266,Barbados,BRB,2006,85.71
267,Barbados,BRB,2007,80.5
268,Barbados,BRB,2008,108.79
269,Barbados,BRB,2009,30.21
270,Barbados,BRB,2010,33.46
271,Barbados,BRB,2011,65.92
272,Barbados,BRB,2012,107.11
273,Barbados,BRB,2013,116.2
274,Barbados,BRB,2014,67.04
275,Barbados,BRB,2015,45.76
276,Barbados,BRB,2016,35.14
277,Barbados,BRB,2017,67.75
278,Belarus,BLR,2002,43.08
279,Belarus,BLR,2003,54.49
280,Belarus,BLR,2004,61.11
281,Belarus,BLR,2005,71.73
282,Belarus,BLR,2006,84.67
283,Belarus,BLR,2007,79.31
284,Belarus,BLR,2008,92.87
285,Belarus,BLR,2009,97.74
286,Belarus,BLR,2010,93.67
287,Belarus,BLR,2011,106.37
288,Belarus,BLR,2012,98.78
289,Belarus,BLR,2013,94.18
290,Belarus,BLR,2014,78.91
291,Belarus,BLR,2015,76.64
292,Belarus,BLR,2016,60.14
293,Belarus,BLR,2017,69.65
294,Belgium,BEL,2002,177.11
295,Belgium,BEL,2003,178.81
296,Belgium,BEL,2004,170.26
297,Belgium,BEL,2005,167.56
298,Belgium,BEL,2006,162.19
299,Belgium,BEL,2007,177.56
300,Belgium,BEL,2008,157.95
301,Belgium,BEL,2009,180.61
302,Belgium,BEL,2010,200.11
303,Belgium,BEL,2011,196.71
304,Belgium,BEL,2012,200.39
305,Belgium,BEL,2013,199.71
306,Belgium,BEL,2014,209.57
307,Belgium,BEL,2015,207.98
308,Belgium,BEL,2016,196.96
309,Belgium,BEL,2017,198.43
310,Belize,BLZ,2002,119.02
311,Belize,BLZ,2003,202.88
312,Belize,BLZ,2004,25.43
313,Belize,BLZ,2005,40.28
314,Belize,BLZ,2006,28.05
315,Belize,BLZ,2007,25.43
316,Belize,BLZ,2008,16.35
317,Belize,BLZ,2009,55.79
318,Belize,BLZ,2010,21.31
319,Belize,BLZ,2011,53.28
320,Belize,BLZ,2012,55.42
321,Belize,BLZ,2013,124.42
322,Belize,BLZ,2014,161.69
323,Belize,BLZ,2015,146.79
324,Belize,BLZ,2016,140.1
325,Belize,BLZ,2017,111.3
326,Benin,BEN,2002,8.37
327,Benin,BEN,2003,0.45
328,Benin,BEN,2004,0.05
329,Benin,BEN,2005,0.14
330,Benin,BEN,2006,0.0
331,Benin,BEN,2007,0.21
332,Benin,BEN,2008,0.12
333,Benin,BEN,2009,1.87
334,Benin,BEN,2010,3.9
335,Benin,BEN,2011,1.33
336,Benin,BEN,2012,2.79
337,Benin,BEN,2013,1.48
338,Benin,BEN,2014,4.34
339,Benin,BEN,2015,0.05
340,Benin,BEN,2016,4.17
341,Benin,BEN,2017,0.01
342,Bermuda,BMU,2013,177.56
343,Bermuda,BMU,2014,147.37
344,Bermuda,BMU,2015,137.17
345,Bermuda,BMU,2016,74.21
346,Bermuda,BMU,2017,80.27
347,Bhutan,BTN,2002,6.02
348,Bhutan,BTN,2003,6.05
349,Bhutan,BTN,2004,4.62
350,Bhutan,BTN,2005,4.77
351,Bhutan,BTN,2006,4.52
352,Bhutan,BTN,2007,5.13
353,Bhutan,BTN,2008,6.77
354,Bhutan,BTN,2009,14.23
355,Bhutan,BTN,2010,6.07
356,Bhutan,BTN,2011,7.5
357,Bhutan,BTN,2012,6.89
358,Bhutan,BTN,2013,6.73
359,Bhutan,BTN,2014,7.89
360,Bhutan,BTN,2015,8.17
361,Bhutan,BTN,2016,7.47
362,Bhutan,BTN,2017,7.5
363,Bolivia,BOL,2002,1.74
364,Bolivia,BOL,2003,1.67
365,Bolivia,BOL,2004,1.66
366,Bolivia,BOL,2005,3.04
367,Bolivia,BOL,2006,2.12
368,Bolivia,BOL,2007,2.71
369,Bolivia,BOL,2008,3.0
370,Bolivia,BOL,2009,2.96
371,Bolivia,BOL,2010,3.98
372,Bolivia,BOL,2011,4.48
373,Bolivia,BOL,2012,4.14
374,Bolivia,BOL,2013,5.07
375,Bolivia,BOL,2014,5.07
376,Bolivia,BOL,2015,4.96
377,Bolivia,BOL,2016,4.29
378,Bolivia,BOL,2017,3.17
379,Bosnia and Herzegovina,BIH,2002,17.02
380,Bosnia and Herzegovina,BIH,2003,9.68
381,Bosnia and Herzegovina,BIH,2004,29.92
382,Bosnia and Herzegovina,BIH,2005,22.01
383,Bosnia and Herzegovina,BIH,2006,13.8
384,Bosnia and Herzegovina,BIH,2007,19.15
385,Bosnia and Herzegovina,BIH,2008,10.66
386,Bosnia and Herzegovina,BIH,2009,57.72
387,Bosnia and Herzegovina,BIH,2010,55.28
388,Bosnia and Herzegovina,BIH,2011,76.02
389,Bosnia and Herzegovina,BIH,2012,91.56
390,Bosnia and Herzegovina,BIH,2013,76.25
391,Bosnia and Herzegovina,BIH,2014,94.16
392,Bosnia and Herzegovina,BIH,2015,99.5
393,Bosnia and Herzegovina,BIH,2016,76.61
394,Bosnia and Herzegovina,BIH,2017,76.4
395,Botswana,BWA,2009,42.86
396,Botswana,BWA,2010,76.39
397,Botswana,BWA,2011,25.95
398,Botswana,BWA,2012,52.79
399,Botswana,BWA,2013,77.95
400,Botswana,BWA,2014,52.37
401,Botswana,BWA,2015,80.87
402,Botswana,BWA,2016,81.43
403,Botswana,BWA,2017,81.43
404,Brazil,BRA,2002,34.84
405,Brazil,BRA,2003,39.48
406,Brazil,BRA,2004,44.44
407,Brazil,BRA,2005,36.9
408,Brazil,BRA,2006,38.71
409,Brazil,BRA,2007,50.86
410,Brazil,BRA,2008,46.19
411,Brazil,BRA,2009,39.62
412,Brazil,BRA,2010,50.2
413,Brazil,BRA,2011,61.82
414,Brazil,BRA,2012,55.66
415,Brazil,BRA,2013,65.25
416,Brazil,BRA,2014,72.38
417,Brazil,BRA,2015,55.74
418,Brazil,BRA,2016,69.0
419,Brazil,BRA,2017,81.63
420,Brunei,BRN,2002,2.71
421,Brunei,BRN,2003,11.14
422,Brunei,BRN,2004,14.43
423,Brunei,BRN,2005,42.71
424,Brunei,BRN,2006,11.71
425,Brunei,BRN,2007,55.25
426,Brunei,BRN,2008,15.75
427,Brunei,BRN,2009,17.2
428,Brunei,BRN,2010,60.4
429,Brunei,BRN,2011,26.3
430,Brunei,BRN,2012,29.3
431,Brunei,BRN,2013,6.36
432,Brunei,BRN,2014,22.09
433,Brunei,BRN,2015,22.09
434,Brunei,BRN,2016,22.09
435,Brunei,BRN,2017,22.09
436,Bulgaria,BGR,2002,79.14
437,Bulgaria,BGR,2003,89.23
438,Bulgaria,BGR,2004,68.28
439,Bulgaria,BGR,2005,56.51
440,Bulgaria,BGR,2006,44.32
441,Bulgaria,BGR,2007,61.12
442,Bulgaria,BGR,2008,65.27
443,Bulgaria,BGR,2009,84.07
444,Bulgaria,BGR,2010,80.64
445,Bulgaria,BGR,2011,108.8
446,Bulgaria,BGR,2012,70.48
447,Bulgaria,BGR,2013,80.9
448,Bulgaria,BGR,2014,82.09
449,Bulgaria,BGR,2015,90.46
450,Bulgaria,BGR,2016,91.73
451,Bulgaria,BGR,2017,91.98
452,Burkina Faso,BFA,2002,0.42
453,Burkina Faso,BFA,2003,5.15
454,Burkina Faso,BFA,2004,6.23
455,Burkina Faso,BFA,2005,7.13
456,Burkina Faso,BFA,2006,6.29
457,Burkina Faso,BFA,2007,4.74
458,Burkina Faso,BFA,2008,5.04
459,Burkina Faso,BFA,2009,4.92
460,Burkina Faso,BFA,2010,6.76
461,Burkina Faso,BFA,2011,5.13
462,Burkina Faso,BFA,2012,7.79
463,Burkina Faso,BFA,2013,8.04
464,Burkina Faso,BFA,2014,8.0
465,Burkina Faso,BFA,2015,8.38
466,Burkina Faso,BFA,2016,11.09
467,Burkina Faso,BFA,2017,9.56
468,Burundi,BDI,2002,0.38
469,Burundi,BDI,2003,0.21
470,Burundi,BDI,2004,0.31
471,Burundi,BDI,2005,0.82
472,Burundi,BDI,2006,1.14
473,Burundi,BDI,2007,0.65
474,Burundi,BDI,2008,0.77
475,Burundi,BDI,2009,0.78
476,Burundi,BDI,2010,1.44
477,Burundi,BDI,2011,1.91
478,Burundi,BDI,2012,2.18
479,Burundi,BDI,2013,2.54
480,Burundi,BDI,2014,3.62
481,Burundi,BDI,2015,2.98
482,Burundi,BDI,2016,5.22
483,Burundi,BDI,2017,6.55
484,Cambodia,KHM,2002,2.02
485,Cambodia,KHM,2003,1.35
486,Cambodia,KHM,2004,1.94
487,Cambodia,KHM,2005,2.87
488,Cambodia,KHM,2006,2.76
489,Cambodia,KHM,2007,2.23
490,Cambodia,KHM,2008,3.23
491,Cambodia,KHM,2009,4.39
492,Cambodia,KHM,2010,5.32
493,Cambodia,KHM,2011,8.44
494,Cambodia,KHM,2012,14.47
495,Cambodia,KHM,2013,13.02
496,Cambodia,KHM,2014,16.25
497,Cambodia,KHM,2015,19.93
498,Cambodia,KHM,2016,13.73
499,Cambodia,KHM,2017,13.73
500,Cameroon,CMR,2002,2.9
501,Cameroon,CMR,2003,2.71
502,Cameroon,CMR,2004,4.6
503,Cameroon,CMR,2005,3.16
504,Cameroon,CMR,2006,3.52
505,Cameroon,CMR,2007,3.09
506,Cameroon,CMR,2008,3.15
507,Cameroon,CMR,2009,3.46
508,Cameroon,CMR,2010,3.31
509,Cameroon,CMR,2011,4.77
510,Cameroon,CMR,2012,3.63
511,Cameroon,CMR,2013,4.79
512,Cameroon,CMR,2014,3.36
513,Cameroon,CMR,2015,5.49
514,Cameroon,CMR,2016,5.13
515,Cameroon,CMR,2017,6.0
516,Canada,CAN,2002,40.29
517,Canada,CAN,2003,40.79
518,Canada,CAN,2004,38.38
519,Canada,CAN,2005,44.66
520,Canada,CAN,2006,34.78
521,Canada,CAN,2007,52.96
522,Canada,CAN,2008,49.39
523,Canada,CAN,2009,50.04
524,Canada,CAN,2010,54.17
525,Canada,CAN,2011,66.48
526,Canada,CAN,2012,73.92
527,Canada,CAN,2013,64.83
528,Canada,CAN,2014,66.55
529,Canada,CAN,2015,67.11
530,Canada,CAN,2016,63.58
531,Canada,CAN,2017,64.43
548,Central African Republic,CAF,2002,0.0
549,Central African Republic,CAF,2003,0.0
550,Central African Republic,CAF,2004,0.01
551,Central African Republic,CAF,2005,0.12
552,Central African Republic,CAF,2006,0.15
553,Central African Republic,CAF,2007,0.17
554,Central African Republic,CAF,2008,0.09
555,Central African Republic,CAF,2009,0.09
556,Central African Republic,CAF,2010,0.12
557,Central African Republic,CAF,2011,0.21
558,Central African Republic,CAF,2012,0.12
559,Central African Republic,CAF,2013,0.06
560,Central African Republic,CAF,2014,0.0
561,Central African Republic,CAF,2015,0.12
562,Central African Republic,CAF,2016,0.11
563,Central African Republic,CAF,2017,0.05
580,Chile,CHL,2002,119.28
581,Chile,CHL,2003,114.84
582,Chile,CHL,2004,151.26
583,Chile,CHL,2005,127.7
584,Chile,CHL,2006,150.64
585,Chile,CHL,2007,188.71
586,Chile,CHL,2008,223.06
587,Chile,CHL,2009,200.56
588,Chile,CHL,2010,201.65
589,Chile,CHL,2011,155.62
590,Chile,CHL,2012,157.13
591,Chile,CHL,2013,163.56
592,Chile,CHL,2014,160.22
593,Chile,CHL,2015,185.85
594,Chile,CHL,2016,152.7
595,Chile,CHL,2017,152.24
596,China,CHN,2002,199.21
597,China,CHN,2003,204.37
598,China,CHN,2004,212.23
599,China,CHN,2005,213.78
600,China,CHN,2006,224.6
601,China,CHN,2007,229.86
602,China,CHN,2008,233.25
603,China,CHN,2009,237.93
604,China,CHN,2010,242.62
605,China,CHN,2011,247.54
606,China,CHN,2012,251.66
607,China,CHN,2013,253.05
608,China,CHN,2014,254.53
609,China,CHN,2015,228.65
610,China,CHN,2016,225.81
611,China,CHN,2017,219.56
612,Colombia,COL,2002,95.46
613,Colombia,COL,2003,98.62
614,Colombia,COL,2004,94.91
615,Colombia,COL,2005,133.29
616,Colombia,COL,2006,161.45
617,Colombia,COL,2007,160.96
618,Colombia,COL,2008,132.47
619,Colombia,COL,2009,162.45
620,Colombia,COL,2010,160.67
621,Colombia,COL,2011,178.57
622,Colombia,COL,2012,200.15
623,Colombia,COL,2013,145.55
624,Colombia,COL,2014,158.32
625,Colombia,COL,2015,160.03
626,Colombia,COL,2016,152.04
627,Colombia,COL,2017,182.5
628,Congo,COG,2004,1.35
629,Congo,COG,2005,0.02
630,Congo,COG,2006,0.04
631,Congo,COG,2007,0.12
632,Congo,COG,2008,0.46
633,Congo,COG,2009,1.62
634,Congo,COG,2010,0.19
635,Congo,COG,2011,0.47
636,Congo,COG,2012,1.13
637,Congo,COG,2013,1.02
638,Congo,COG,2014,0.46
639,Congo,COG,2015,0.49
640,Congo,COG,2016,0.51
641,Congo,COG,2017,0.53
642,Cook Islands,COK,2002,3.91
643,Cook Islands,COK,2003,4.55
644,Cook Islands,COK,2004,3.97
645,Cook Islands,COK,2005,6.93
646,Cook Islands,COK,2006,11.38
647,Cook Islands,COK,2007,1.83
648,Cook Islands,COK,2008,9.47
649,Cook Islands,COK,2009,11.73
650,Cook Islands,COK,2010,5.22
651,Cook Islands,COK,2011,6.67
652,Cook Islands,COK,2012,10.14
653,Cook Islands,COK,2013,5.32
654,Cook Islands,COK,2014,4.91
655,Cook Islands,COK,2015,16.93
656,Cook Islands,COK,2016,21.48
657,Cook Islands,COK,2017,9.08
658,Costa Rica,CRI,2002,112.08
659,Costa Rica,CRI,2003,154.8
660,Costa Rica,CRI,2004,126.15
661,Costa Rica,CRI,2005,138.82
662,Costa Rica,CRI,2006,141.65
663,Costa Rica,CRI,2007,148.31
664,Costa Rica,CRI,2008,163.08
665,Costa Rica,CRI,2009,85.61
666,Costa Rica,CRI,2010,113.34
667,Costa Rica,CRI,2011,172.96
668,Costa Rica,CRI,2012,160.64
669,Costa Rica,CRI,2013,163.3
670,Costa Rica,CRI,2014,143.24
671,Costa Rica,CRI,2015,153.35
672,Costa Rica,CRI,2016,171.33
673,Costa Rica,CRI,2017,159.34
674,Cote d'Ivoire,CIV,2002,4.55
675,Cote d'Ivoire,CIV,2003,3.03
676,Cote d'Ivoire,CIV,2004,5.96
677,Cote d'Ivoire,CIV,2005,2.31
678,Cote d'Ivoire,CIV,2006,1.54
679,Cote d'Ivoire,CIV,2007,3.5
680,Cote d'Ivoire,CIV,2008,2.38
681,Cote d'Ivoire,CIV,2009,2.89
682,Cote d'Ivoire,CIV,2010,3.61
683,Cote d'Ivoire,CIV,2011,3.41
684,Cote d'Ivoire,CIV,2012,4.34
685,Cote d'Ivoire,CIV,2013,4.18
686,Cote d'Ivoire,CIV,2014,5.52
687,Cote d'Ivoire,CIV,2015,5.32
688,Cote d'Ivoire,CIV,2016,5.83
689,Cote d'Ivoire,CIV,2017,4.13
690,Croatia,HRV,2002,139.89
691,Croatia,HRV,2003,132.19
692,Croatia,HRV,2004,158.67
693,Croatia,HRV,2005,131.99
694,Croatia,HRV,2006,199.75
695,Croatia,HRV,2007,227.87
696,Croatia,HRV,2008,278.26
697,Croatia,HRV,2009,97.48
698,Croatia,HRV,2010,118.78
699,Croatia,HRV,2011,142.75
700,Croatia,HRV,2012,108.47
701,Croatia,HRV,2013,82.08
702,Croatia,HRV,2014,82.74
703,Croatia,HRV,2015,95.11
704,Croatia,HRV,2016,76.45
705,Croatia,HRV,2017,110.7
706,Cuba,CUB,2002,15.89
707,Cuba,CUB,2003,5.94
708,Cuba,CUB,2004,10.12
709,Cuba,CUB,2005,7.5
710,Cuba,CUB,2006,10.75
711,Cuba,CUB,2007,12.97
712,Cuba,CUB,2008,14.85
713,Cuba,CUB,2009,7.91
714,Cuba,CUB,2010,12.13
715,Cuba,CUB,2011,19.29
716,Cuba,CUB,2012,18.66
717,Cuba,CUB,2013,21.69
718,Cuba,CUB,2014,28.62
719,Cuba,CUB,2015,24.5
720,Cuba,CUB,2016,18.33
721,Cuba,CUB,2017,19.08
722,Cyprus,CYP,2002,62.08
723,Cyprus,CYP,2003,62.69
724,Cyprus,CYP,2004,52.96
725,Cyprus,CYP,2005,43.52
726,Cyprus,CYP,2006,42.55
727,Cyprus,CYP,2007,43.63
728,Cyprus,CYP,2008,41.9
729,Cyprus,CYP,2009,57.02
730,Cyprus,CYP,2010,75.0
731,Cyprus,CYP,2011,65.04
732,Cyprus,CYP,2012,76.91
733,Cyprus,CYP,2013,65.21
734,Cyprus,CYP,2014,58.24
735,Cyprus,CYP,2015,63.23
736,Cyprus,CYP,2016,72.1
737,Cyprus,CYP,2017,65.05
738,Czechia,CZE,2002,58.04
739,Czechia,CZE,2003,66.22
740,Czechia,CZE,2004,62.73
741,Czechia,CZE,2005,65.47
742,Czechia,CZE,2006,68.24
743,Czechia,CZE,2007,72.72
744,Czechia,CZE,2008,67.91
745,Czechia,CZE,2009,69.4
746,Czechia,CZE,2010,73.45
747,Czechia,CZE,2011,76.55
748,Czechia,CZE,2012,105.06
749,Czechia,CZE,2013,130.35
750,Czechia,CZE,2014,129.64
751,Czechia,CZE,2015,156.6
752,Czechia,CZE,2016,159.13
753,Czechia,CZE,2017,143.94
754,Democratic Republic of Congo,COD,2003,0.14
755,Democratic Republic of Congo,COD,2004,0.11
756,Democratic Republic of Congo,COD,2005,0.05
757,Democratic Republic of Congo,COD,2006,0.22
758,Democratic Republic of Congo,COD,2007,0.4
759,Democratic Republic of Congo,COD,2008,0.58
760,Democratic Republic of Congo,COD,2009,0.39
761,Democratic Republic of Congo,COD,2010,0.6
762,Democratic Republic of Congo,COD,2011,0.44
763,Democratic Republic of Congo,COD,2012,0.27
764,Democratic Republic of Congo,COD,2013,0.54
765,Democratic Republic of Congo,COD,2014,1.09
766,Democratic Republic of Congo,COD,2015,1.29
767,Democratic Republic of Congo,COD,2016,0.82
768,Democratic Republic of Congo,COD,2017,1.21
769,Denmark,DNK,2002,69.37
770,Denmark,DNK,2003,95.92
771,Denmark,DNK,2004,80.04
772,Denmark,DNK,2005,76.55
773,Denmark,DNK,2006,80.88
774,Denmark,DNK,2007,83.41
775,Denmark,DNK,2008,90.66
776,Denmark,DNK,2009,76.73
777,Denmark,DNK,2010,74.24
778,Denmark,DNK,2011,73.17
779,Denmark,DNK,2012,77.97
780,Denmark,DNK,2013,73.39
781,Denmark,DNK,2014,83.21
782,Denmark,DNK,2015,94.6
783,Denmark,DNK,2016,95.07
784,Denmark,DNK,2017,91.53
785,Dominica,DMA,2002,7.85
786,Dominica,DMA,2003,12.35
787,Dominica,DMA,2004,17.35
788,Dominica,DMA,2005,20.4
789,Dominica,DMA,2006,7.9
790,Dominica,DMA,2007,30.8
791,Dominica,DMA,2008,10.15
792,Dominica,DMA,2009,5.76
793,Dominica,DMA,2010,4.96
794,Dominica,DMA,2011,8.09
795,Dominica,DMA,2012,5.18
796,Dominica,DMA,2013,12.73
797,Dominica,DMA,2014,2.44
798,Dominica,DMA,2015,13.72
799,Dominica,DMA,2016,4.06
800,Dominica,DMA,2017,4.5
801,Dominican Republic,DOM,2002,39.02
802,Dominican Republic,DOM,2003,32.87
803,Dominican Republic,DOM,2004,34.27
804,Dominican Republic,DOM,2005,30.2
805,Dominican Republic,DOM,2006,40.37
806,Dominican Republic,DOM,2007,36.43
807,Dominican Republic,DOM,2008,35.95
808,Dominican Republic,DOM,2009,38.16
809,Dominican Republic,DOM,2010,45.05
810,Dominican Republic,DOM,2011,37.68
811,Dominican Republic,DOM,2012,29.27
812,Dominican Republic,DOM,2013,31.77
813,Dominican Republic,DOM,2014,38.01
814,Dominican Republic,DOM,2015,43.28
815,Dominican Republic,DOM,2016,36.39
816,Dominican Republic,DOM,2017,59.65
865,Ecuador,ECU,2002,50.89
866,Ecuador,ECU,2003,48.19
867,Ecuador,ECU,2004,53.76
868,Ecuador,ECU,2005,46.33
869,Ecuador,ECU,2006,51.62
870,Ecuador,ECU,2007,48.93
871,Ecuador,ECU,2008,62.55
872,Ecuador,ECU,2009,59.36
873,Ecuador,ECU,2010,61.72
874,Ecuador,ECU,2011,70.44
875,Ecuador,ECU,2012,68.33
876,Ecuador,ECU,2013,60.63
877,Ecuador,ECU,2014,72.66
878,Ecuador,ECU,2015,57.84
879,Ecuador,ECU,2016,71.43
880,Ecuador,ECU,2017,73.16
881,Egypt,EGY,2002,312.51
882,Egypt,EGY,2003,468.87
883,Egypt,EGY,2004,396.43
884,Egypt,EGY,2005,416.72
885,Egypt,EGY,2006,293.91
886,Egypt,EGY,2007,312.71
887,Egypt,EGY,2008,441.18
888,Egypt,EGY,2009,326.82
889,Egypt,EGY,2010,386.55
890,Egypt,EGY,2011,373.4
891,Egypt,EGY,2012,333.96
892,Egypt,EGY,2013,364.86
893,Egypt,EGY,2014,368.7
894,Egypt,EGY,2015,361.43
895,Egypt,EGY,2016,366.87
896,Egypt,EGY,2017,366.87
897,El Salvador,SLV,2002,36.91
898,El Salvador,SLV,2003,39.41
899,El Salvador,SLV,2004,48.21
900,El Salvador,SLV,2005,73.47
901,El Salvador,SLV,2006,62.48
902,El Salvador,SLV,2007,74.88
903,El Salvador,SLV,2008,81.36
904,El Salvador,SLV,2009,71.86
905,El Salvador,SLV,2010,82.04
906,El Salvador,SLV,2011,91.23
907,El Salvador,SLV,2012,76.11
908,El Salvador,SLV,2013,73.74
909,El Salvador,SLV,2014,51.92
910,El Salvador,SLV,2015,63.12
911,El Salvador,SLV,2016,57.16
912,El Salvador,SLV,2017,64.76
913,Eritrea,ERI,2002,5.02
914,Eritrea,ERI,2003,1.14
915,Eritrea,ERI,2004,0.01
916,Eritrea,ERI,2005,2.31
917,Eritrea,ERI,2006,0.01
918,Eritrea,ERI,2007,0.98
919,Eritrea,ERI,2009,0.78
920,Eritrea,ERI,2010,0.4
921,Eritrea,ERI,2011,0.82
922,Eritrea,ERI,2012,0.89
923,Eritrea,ERI,2013,1.19
924,Eritrea,ERI,2014,1.36
925,Eritrea,ERI,2015,2.32
926,Eritrea,ERI,2016,2.78
927,Eritrea,ERI,2017,2.56
928,Estonia,EST,2002,26.46
929,Estonia,EST,2003,41.47
930,Estonia,EST,2004,46.5
931,Estonia,EST,2005,33.31
932,Estonia,EST,2006,39.81
933,Estonia,EST,2007,41.12
934,Estonia,EST,2008,58.53
935,Estonia,EST,2009,45.21
936,Estonia,EST,2010,43.9
937,Estonia,EST,2011,46.61
938,Estonia,EST,2012,52.57
939,Estonia,EST,2013,52.51
940,Estonia,EST,2014,54.5
941,Estonia,EST,2015,53.5
942,Estonia,EST,2016,52.06
943,Estonia,EST,2017,54.26
944,Ethiopia,ETH,2002,9.3
945,Ethiopia,ETH,2003,2.94
946,Ethiopia,ETH,2004,6.25
947,Ethiopia,ETH,2005,5.92
948,Ethiopia,ETH,2006,5.95
949,Ethiopia,ETH,2007,7.03
950,Ethiopia,ETH,2008,7.7
951,Ethiopia,ETH,2009,7.9
952,Ethiopia,ETH,2010,9.96
953,Ethiopia,ETH,2011,9.51
954,Ethiopia,ETH,2012,15.1
955,Ethiopia,ETH,2013,10.3
956,Ethiopia,ETH,2014,14.03
957,Ethiopia,ETH,2015,8.15
958,Ethiopia,ETH,2016,8.93
959,Ethiopia,ETH,2017,8.95
1008,Fiji,FJI,2002,37.06
1009,Fiji,FJI,2003,12.56
1010,Fiji,FJI,2004,30.27
1011,Fiji,FJI,2005,26.06
1012,Fiji,FJI,2006,16.68
1013,Fiji,FJI,2007,15.97
1014,Fiji,FJI,2008,26.71
1015,Fiji,FJI,2009,10.87
1016,Fiji,FJI,2010,9.74
1017,Fiji,FJI,2011,14.13
1018,Fiji,FJI,2012,15.85
1019,Fiji,FJI,2013,14.83
1020,Fiji,FJI,2014,11.15
1021,Fiji,FJI,2015,23.33
1022,Fiji,FJI,2016,16.88
1023,Fiji,FJI,2017,20.26
1024,Finland,FIN,2002,81.03
1025,Finland,FIN,2003,73.89
1026,Finland,FIN,2004,78.15
1027,Finland,FIN,2005,85.9
1028,Finland,FIN,2006,69.89
1029,Finland,FIN,2007,81.48
1030,Finland,FIN,2008,98.89
1031,Finland,FIN,2009,76.38
1032,Finland,FIN,2010,93.39
1033,Finland,FIN,2011,61.61
1034,Finland,FIN,2012,61.65
1035,Finland,FIN,2013,62.01
1036,Finland,FIN,2014,65.97
1037,Finland,FIN,2015,63.89
1038,Finland,FIN,2016,61.42
1039,Finland,FIN,2017,61.89
1040,France,FRA,2002,112.99
1041,France,FRA,2003,122.0
1042,France,FRA,2004,119.31
1043,France,FRA,2005,113.15
1044,France,FRA,2006,113.43
1045,France,FRA,2007,124.08
1046,France,FRA,2008,108.64
1047,France,FRA,2009,98.57
1048,France,FRA,2010,105.79
1049,France,FRA,2011,100.84
1050,France,FRA,2012,105.0
1051,France,FRA,2013,112.34
1052,France,FRA,2014,111.73
1053,France,FRA,2015,115.07
1054,France,FRA,2016,113.28
1055,France,FRA,2017,114.77
1056,French Polynesia,PYF,2002,15.52
1057,French Polynesia,PYF,2003,13.4
1058,French Polynesia,PYF,2004,15.32
1059,French Polynesia,PYF,2005,11.72
1060,French Polynesia,PYF,2006,12.8
1061,French Polynesia,PYF,2007,13.32
1062,French Polynesia,PYF,2008,18.16
1063,French Polynesia,PYF,2009,11.02
1064,French Polynesia,PYF,2010,14.65
1065,French Polynesia,PYF,2011,13.69
1066,French Polynesia,PYF,2012,9.72
1067,French Polynesia,PYF,2013,9.68
1068,French Polynesia,PYF,2014,8.91
1069,French Polynesia,PYF,2015,13.46
1070,French Polynesia,PYF,2016,13.46
1071,French Polynesia,PYF,2017,13.46
1072,Gabon,GAB,2002,1.12
1073,Gabon,GAB,2003,0.38
1074,Gabon,GAB,2004,1.37
1075,Gabon,GAB,2005,1.17
1076,Gabon,GAB,2006,1.61
1077,Gabon,GAB,2007,1.8
1078,Gabon,GAB,2008,1.66
1079,Gabon,GAB,2009,1.78
1080,Gabon,GAB,2010,1.2
1081,Gabon,GAB,2011,0.77
1082,Gabon,GAB,2012,2.63
1083,Gabon,GAB,2013,2.58
1084,Gabon,GAB,2014,3.74
1085,Gabon,GAB,2015,7.84
1086,Gabon,GAB,2016,7.4
1087,Gabon,GAB,2017,15.65
1088,Gambia,GMB,2003,5.7
1089,Gambia,GMB,2004,3.81
1090,Gambia,GMB,2005,5.06
1091,Gambia,GMB,2006,5.61
1092,Gambia,GMB,2007,4.94
1093,Gambia,GMB,2008,2.21
1094,Gambia,GMB,2009,3.15
1095,Gambia,GMB,2010,3.92
1096,Gambia,GMB,2011,5.78
1097,Gambia,GMB,2012,1.02
1098,Gambia,GMB,2013,0.13
1099,Gambia,GMB,2014,0.06
1100,Gambia,GMB,2015,0.32
1101,Gambia,GMB,2016,0.29
1102,Gambia,GMB,2017,0.08
1103,Georgia,GEO,2002,20.11
1104,Georgia,GEO,2003,10.44
1105,Georgia,GEO,2004,25.54
1106,Georgia,GEO,2005,41.58
1107,Georgia,GEO,2006,37.04
1108,Georgia,GEO,2007,31.98
1109,Georgia,GEO,2008,29.41
1110,Georgia,GEO,2009,34.27
1111,Georgia,GEO,2010,24.83
1112,Georgia,GEO,2011,86.19
1113,Georgia,GEO,2012,100.0
1114,Georgia,GEO,2013,118.38
1115,Georgia,GEO,2014,106.95
1116,Georgia,GEO,2015,104.46
1117,Georgia,GEO,2016,112.33
1118,Georgia,GEO,2017,89.25
1119,Germany,DEU,2002,149.02
1120,Germany,DEU,2003,151.9
1121,Germany,DEU,2004,146.98
1122,Germany,DEU,2005,147.5
1123,Germany,DEU,2006,132.61
1124,Germany,DEU,2007,149.66
1125,Germany,DEU,2008,127.81
1126,Germany,DEU,2009,129.19
1127,Germany,DEU,2010,148.32
1128,Germany,DEU,2011,135.85
1129,Germany,DEU,2012,137.01
1130,Germany,DEU,2013,138.73
1131,Germany,DEU,2014,150.99
1132,Germany,DEU,2015,141.95
1133,Germany,DEU,2016,138.68
1134,Germany,DEU,2017,125.02
1135,Ghana,GHA,2002,0.68
1136,Ghana,GHA,2003,1.31
1137,Ghana,GHA,2004,0.84
1138,Ghana,GHA,2005,1.63
1139,Ghana,GHA,2006,4.31
1140,Ghana,GHA,2007,3.65
1141,Ghana,GHA,2008,2.52
1142,Ghana,GHA,2009,2.9
1143,Ghana,GHA,2010,3.39
1144,Ghana,GHA,2011,1.45
1145,Ghana,GHA,2012,5.72
1146,Ghana,GHA,2013,6.13
1147,Ghana,GHA,2014,5.16
1148,Ghana,GHA,2015,5.77
1149,Ghana,GHA,2016,8.53
1150,Ghana,GHA,2017,8.53
1151,Greece,GRC,2002,70.72
1152,Greece,GRC,2003,74.07
1153,Greece,GRC,2004,59.84
1154,Greece,GRC,2005,54.0
1155,Greece,GRC,2006,46.38
1156,Greece,GRC,2007,36.9
1157,Greece,GRC,2008,47.38
1158,Greece,GRC,2009,30.97
1159,Greece,GRC,2010,47.82
1160,Greece,GRC,2011,72.76
1161,Greece,GRC,2012,47.88
1162,Greece,GRC,2013,52.07
1163,Greece,GRC,2014,54.04
1164,Greece,GRC,2015,50.11
1165,Greece,GRC,2016,53.2
1166,Greece,GRC,2017,56.44
1167,Guatemala,GTM,2002,41.56
1168,Guatemala,GTM,2003,46.05
1169,Guatemala,GTM,2004,61.02
1170,Guatemala,GTM,2005,58.65
1171,Guatemala,GTM,2006,61.85
1172,Guatemala,GTM,2007,53.08
1173,Guatemala,GTM,2008,38.94
1174,Guatemala,GTM,2009,54.53
1175,Guatemala,GTM,2010,65.62
1176,Guatemala,GTM,2011,84.68
1177,Guatemala,GTM,2012,88.91
1178,Guatemala,GTM,2013,89.37
1179,Guatemala,GTM,2014,81.38
1180,Guatemala,GTM,2015,88.82
1181,Guatemala,GTM,2016,81.8
1182,Guatemala,GTM,2017,85.18
1183,Guinea,GIN,2002,0.59
1184,Guinea,GIN,2003,0.53
1185,Guinea,GIN,2004,0.52
1186,Guinea,GIN,2005,0.58
1187,Guinea,GIN,2006,0.58
1188,Guinea,GIN,2007,0.91
1189,Guinea,GIN,2008,0.79
1190,Guinea,GIN,2009,0.35
1191,Guinea,GIN,2010,0.7
1192,Guinea,GIN,2011,1.42
1193,Guinea,GIN,2012,1.45
1194,Guinea,GIN,2013,0.72
1195,Guinea,GIN,2014,0.77
1196,Guinea,GIN,2015,0.63
1197,Guinea,GIN,2016,1.68
1198,Guinea,GIN,2017,6.16
1199,Guyana,GUY,2002,28.47
1200,Guyana,GUY,2003,20.12
1201,Guyana,GUY,2004,39.99
1202,Guyana,GUY,2005,13.79
1203,Guyana,GUY,2006,18.53
1204,Guyana,GUY,2007,14.21
1205,Guyana,GUY,2008,40.76
1206,Guyana,GUY,2009,14.96
1207,Guyana,GUY,2010,31.55
1208,Guyana,GUY,2011,14.23
1209,Guyana,GUY,2012,25.25
1210,Guyana,GUY,2013,36.88
1211,Guyana,GUY,2014,31.74
1212,Guyana,GUY,2015,37.44
1213,Guyana,GUY,2016,23.65
1214,Guyana,GUY,2017,0.98
1215,Honduras,HND,2002,22.79
1216,Honduras,HND,2003,35.93
1217,Honduras,HND,2004,49.06
1218,Honduras,HND,2005,51.99
1219,Honduras,HND,2006,61.28
1220,Honduras,HND,2007,57.12
1221,Honduras,HND,2008,31.27
1222,Honduras,HND,2009,35.4
1223,Honduras,HND,2010,33.56
1224,Honduras,HND,2011,54.49
1225,Honduras,HND,2012,48.36
1226,Honduras,HND,2013,57.9
1227,Honduras,HND,2014,47.46
1228,Honduras,HND,2015,46.81
1229,Honduras,HND,2016,57.88
1230,Honduras,HND,2017,64.1
1231,Hungary,HUN,2002,63.31
1232,Hungary,HUN,2003,60.17
1233,Hungary,HUN,2004,60.99
1234,Hungary,HUN,2005,54.1
1235,Hungary,HUN,2006,60.28
1236,Hungary,HUN,2007,66.81
1237,Hungary,HUN,2008,66.3
1238,Hungary,HUN,2009,56.93
1239,Hungary,HUN,2010,59.51
1240,Hungary,HUN,2011,66.28
1241,Hungary,HUN,2012,68.34
1242,Hungary,HUN,2013,76.24
1243,Hungary,HUN,2014,72.56
1244,Hungary,HUN,2015,79.6
1245,Hungary,HUN,2016,81.36
1246,Hungary,HUN,2017,87.29
1247,Iceland,ISL,2002,85.93
1248,Iceland,ISL,2003,80.19
1249,Iceland,ISL,2004,76.66
1250,Iceland,ISL,2005,75.78
1251,Iceland,ISL,2006,95.67
1252,Iceland,ISL,2007,110.66
1253,Iceland,ISL,2008,122.57
1254,Iceland,ISL,2009,60.77
1255,Iceland,ISL,2010,61.71
1256,Iceland,ISL,2011,70.95
1257,Iceland,ISL,2012,77.8
1258,Iceland,ISL,2013,71.09
1259,Iceland,ISL,2014,89.05
1260,Iceland,ISL,2015,94.0
1261,Iceland,ISL,2016,89.51
1262,Iceland,ISL,2017,107.98
1263,India,IND,2002,61.57
1264,India,IND,2003,65.24
1265,India,IND,2004,68.94
1266,India,IND,2005,74.99
1267,India,IND,2006,81.2
1268,India,IND,2007,85.21
1269,India,IND,2008,87.75
1270,India,IND,2009,91.67
1271,India,IND,2010,97.21
1272,India,IND,2011,102.54
1273,India,IND,2012,99.33
1274,India,IND,2013,98.85
1275,India,IND,2014,100.02
1276,India,IND,2015,102.51
1277,India,IND,2016,98.76
1278,India,IND,2017,100.08
1279,Indonesia,IDN,2002,53.25
1280,Indonesia,IDN,2003,52.99
1281,Indonesia,IDN,2004,54.5
1282,Indonesia,IDN,2005,59.05
1283,Indonesia,IDN,2006,60.14
1284,Indonesia,IDN,2007,59.6
1285,Indonesia,IDN,2008,62.79
1286,Indonesia,IDN,2009,65.82
1287,Indonesia,IDN,2010,62.43
1288,Indonesia,IDN,2011,64.48
1289,Indonesia,IDN,2012,64.77
1290,Indonesia,IDN,2013,60.68
1291,Indonesia,IDN,2014,63.25
1292,Indonesia,IDN,2015,60.88
1293,Indonesia,IDN,2016,60.24
1294,Indonesia,IDN,2017,57.54
1295,Iran,IRN,2002,54.29
1296,Iran,IRN,2003,56.51
1297,Iran,IRN,2004,58.34
1298,Iran,IRN,2005,60.17
1299,Iran,IRN,2006,73.97
1300,Iran,IRN,2007,60.21
1301,Iran,IRN,2008,69.47
1302,Iran,IRN,2009,60.08
1303,Iran,IRN,2010,55.31
1304,Iran,IRN,2011,33.05
1305,Iran,IRN,2012,39.97
1306,Iran,IRN,2013,37.99
1307,Iran,IRN,2014,42.58
1308,Iran,IRN,2015,34.23
1309,Iran,IRN,2016,34.28
1310,Iran,IRN,2017,34.28
1311,Iraq,IRQ,2004,21.9
1312,Iraq,IRQ,2005,28.55
1313,Iraq,IRQ,2006,33.47
1314,Iraq,IRQ,2007,24.6
1315,Iraq,IRQ,2008,39.17
1316,Iraq,IRQ,2009,44.64
1317,Iraq,IRQ,2010,25.59
1318,Iraq,IRQ,2011,30.4
1319,Iraq,IRQ,2012,34.73
1320,Iraq,IRQ,2013,32.86
1321,Iraq,IRQ,2014,15.22
1322,Iraq,IRQ,2015,11.93
1323,Iraq,IRQ,2016,19.35
1324,Iraq,IRQ,2017,33.51
1325,Israel,ISR,2002,103.23
1326,Israel,ISR,2003,119.52
1327,Israel,ISR,2004,137.71
1328,Israel,ISR,2005,128.25
1329,Israel,ISR,2006,127.41
1330,Israel,ISR,2007,155.86
1331,Israel,ISR,2008,121.75
1332,Israel,ISR,2009,94.35
1333,Israel,ISR,2010,81.42
1334,Israel,ISR,2011,118.83
1335,Israel,ISR,2012,116.78
1336,Israel,ISR,2013,123.32
1337,Israel,ISR,2014,116.67
1338,Israel,ISR,2015,114.5
1339,Israel,ISR,2016,119.39
1340,Israel,ISR,2017,103.93
1341,Italy,ITA,2002,77.57
1342,Italy,ITA,2003,80.35
1343,Italy,ITA,2004,82.29
1344,Italy,ITA,2005,77.48
1345,Italy,ITA,2006,80.52
1346,Italy,ITA,2007,83.74
1347,Italy,ITA,2008,66.75
1348,Italy,ITA,2009,53.82
1349,Italy,ITA,2010,51.78
1350,Italy,ITA,2011,55.9
1351,Italy,ITA,2012,61.82
1352,Italy,ITA,2013,66.09
1353,Italy,ITA,2014,62.93
1354,Italy,ITA,2015,66.89
1355,Italy,ITA,2016,65.88
1356,Italy,ITA,2017,65.32
1357,Jamaica,JAM,2002,33.51
1358,Jamaica,JAM,2003,39.8
1359,Jamaica,JAM,2004,40.45
1360,Jamaica,JAM,2005,26.96
1361,Jamaica,JAM,2006,20.35
1362,Jamaica,JAM,2007,19.03
1363,Jamaica,JAM,2008,20.01
1364,Jamaica,JAM,2009,20.48
1365,Jamaica,JAM,2010,22.45
1366,Jamaica,JAM,2011,22.0
1367,Jamaica,JAM,2012,29.59
1368,Jamaica,JAM,2013,22.33
1369,Jamaica,JAM,2014,22.52
1370,Jamaica,JAM,2015,12.41
1371,Jamaica,JAM,2016,14.57
1372,Jamaica,JAM,2017,17.48
1373,Japan,JPN,2002,111.49
1374,Japan,JPN,2003,114.81
1375,Japan,JPN,2004,119.07
1376,Japan,JPN,2005,117.98
1377,Japan,JPN,2006,113.1
1378,Japan,JPN,2007,110.64
1379,Japan,JPN,2008,101.24
1380,Japan,JPN,2009,94.32
1381,Japan,JPN,2010,97.86
1382,Japan,JPN,2011,96.43
1383,Japan,JPN,2012,81.89
1384,Japan,JPN,2013,80.87
1385,Japan,JPN,2014,87.61
1386,Japan,JPN,2015,79.87
1387,Japan,JPN,2016,85.06
1388,Japan,JPN,2017,85.58
1389,Kazakhstan,KAZ,2002,0.45
1390,Kazakhstan,KAZ,2003,0.69
1391,Kazakhstan,KAZ,2004,0.87
1392,Kazakhstan,KAZ,2005,0.71
1393,Kazakhstan,KAZ,2006,0.97
1394,Kazakhstan,KAZ,2007,1.3
1395,Kazakhstan,KAZ,2008,0.57
1396,Kazakhstan,KAZ,2009,1.03
1397,Kazakhstan,KAZ,2010,1.41
1398,Kazakhstan,KAZ,2011,1.62
1399,Kazakhstan,KAZ,2012,3.57
1400,Kazakhstan,KAZ,2013,1.89
1401,Kazakhstan,KAZ,2014,2.73
1402,Kazakhstan,KAZ,2015,3.1
1403,Kazakhstan,KAZ,2016,3.1
1404,Kazakhstan,KAZ,2017,3.1
1405,Kenya,KEN,2002,11.37
1406,Kenya,KEN,2003,12.21
1407,Kenya,KEN,2004,11.37
1408,Kenya,KEN,2005,12.72
1409,Kenya,KEN,2006,13.5
1410,Kenya,KEN,2007,13.77
1411,Kenya,KEN,2008,12.63
1412,Kenya,KEN,2009,11.26
1413,Kenya,KEN,2010,11.76
1414,Kenya,KEN,2011,17.69
1415,Kenya,KEN,2012,14.24
1416,Kenya,KEN,2013,20.36
1417,Kenya,KEN,2014,36.17
1418,Kenya,KEN,2015,20.98
1419,Kenya,KEN,2016,15.73
1420,Kenya,KEN,2017,13.24
1421,Kyrgyzstan,KGZ,2002,6.54
1422,Kyrgyzstan,KGZ,2003,22.24
1423,Kyrgyzstan,KGZ,2004,19.37
1424,Kyrgyzstan,KGZ,2005,21.82
1425,Kyrgyzstan,KGZ,2006,19.8
1426,Kyrgyzstan,KGZ,2007,19.32
1427,Kyrgyzstan,KGZ,2008,16.65
1428,Kyrgyzstan,KGZ,2009,19.16
1429,Kyrgyzstan,KGZ,2010,19.04
1430,Kyrgyzstan,KGZ,2011,16.62
1431,Kyrgyzstan,KGZ,2012,19.91
1432,Kyrgyzstan,KGZ,2013,21.51
1433,Kyrgyzstan,KGZ,2014,26.37
1434,Kyrgyzstan,KGZ,2015,24.18
1435,Kyrgyzstan,KGZ,2016,25.82
1436,Kyrgyzstan,KGZ,2017,17.61
1453,Latvia,LVA,2002,36.6
1454,Latvia,LVA,2003,24.93
1455,Latvia,LVA,2004,38.49
1456,Latvia,LVA,2005,37.01
1457,Latvia,LVA,2006,35.06
1458,Latvia,LVA,2007,39.86
1459,Latvia,LVA,2008,42.67
1460,Latvia,LVA,2009,45.58
1461,Latvia,LVA,2010,49.7
1462,Latvia,LVA,2011,53.11
1463,Latvia,LVA,2012,55.07
1464,Latvia,LVA,2013,57.41
1465,Latvia,LVA,2014,60.03
1466,Latvia,LVA,2015,61.32
1467,Latvia,LVA,2016,60.41
1468,Latvia,LVA,2017,59.66
1485,Lebanon,LBN,2002,73.23
1486,Lebanon,LBN,2003,85.21
1487,Lebanon,LBN,2004,89.6
1488,Lebanon,LBN,2005,51.61
1489,Lebanon,LBN,2006,33.88
1490,Lebanon,LBN,2007,52.12
1491,Lebanon,LBN,2008,37.5
1492,Lebanon,LBN,2009,59.05
1493,Lebanon,LBN,2010,73.36
1494,Lebanon,LBN,2011,73.27
1495,Lebanon,LBN,2012,72.28
1496,Lebanon,LBN,2013,77.39
1497,Lebanon,LBN,2014,74.03
1498,Lebanon,LBN,2015,73.35
1499,Lebanon,LBN,2016,80.46
1500,Lebanon,LBN,2017,88.79
1501,Libya,LBY,2002,14.33
1502,Libya,LBY,2003,11.07
1503,Libya,LBY,2004,14.2
1504,Libya,LBY,2005,15.35
1505,Libya,LBY,2006,15.35
1506,Libya,LBY,2007,15.35
1507,Libya,LBY,2008,15.35
1508,Libya,LBY,2009,15.35
1509,Libya,LBY,2010,15.6
1510,Libya,LBY,2011,15.55
1511,Libya,LBY,2012,15.77
1512,Libya,LBY,2013,15.18
1513,Libya,LBY,2014,8.54
1514,Libya,LBY,2015,6.83
1515,Libya,LBY,2016,7.61
1516,Libya,LBY,2017,7.61
1517,Lithuania,LTU,2002,8.12
1518,Lithuania,LTU,2003,24.7
1519,Lithuania,LTU,2004,30.59
1520,Lithuania,LTU,2005,0.0
1521,Lithuania,LTU,2006,16.32
1522,Lithuania,LTU,2007,0.0
1523,Lithuania,LTU,2008,14.34
1524,Lithuania,LTU,2009,24.03
1525,Lithuania,LTU,2010,49.59
1526,Lithuania,LTU,2011,23.77
1527,Lithuania,LTU,2012,66.75
1528,Lithuania,LTU,2013,67.68
1529,Lithuania,LTU,2014,68.45
1530,Lithuania,LTU,2015,73.77
1531,Lithuania,LTU,2016,73.59
1532,Lithuania,LTU,2017,78.14
1549,Luxembourg,LUX,2002,204.84
1550,Luxembourg,LUX,2003,204.84
1551,Luxembourg,LUX,2004,259.6
1552,Luxembourg,LUX,2005,229.52
1553,Luxembourg,LUX,2006,226.35
1554,Luxembourg,LUX,2007,211.3
1555,Luxembourg,LUX,2008,208.27
1556,Luxembourg,LUX,2009,211.34
1557,Luxembourg,LUX,2010,216.96
1558,Luxembourg,LUX,2011,227.03
1559,Luxembourg,LUX,2012,213.24
1560,Luxembourg,LUX,2013,208.91
1561,Luxembourg,LUX,2014,198.16
1562,Luxembourg,LUX,2015,202.13
1563,Luxembourg,LUX,2016,216.58
1564,Luxembourg,LUX,2017,213.47
1565,Madagascar,MDG,2002,0.76
1566,Madagascar,MDG,2003,1.32
1567,Madagascar,MDG,2004,0.81
1568,Madagascar,MDG,2005,2.07
1569,Madagascar,MDG,2006,1.06
1570,Madagascar,MDG,2007,1.25
1571,Madagascar,MDG,2008,2.08
1572,Madagascar,MDG,2009,1.23
1573,Madagascar,MDG,2010,1.27
1574,Madagascar,MDG,2011,2.41
1575,Madagascar,MDG,2012,4.68
1576,Madagascar,MDG,2013,0.0
1577,Madagascar,MDG,2014,0.0
1578,Madagascar,MDG,2015,0.0
1579,Madagascar,MDG,2016,0.0
1580,Madagascar,MDG,2017,8.72
1581,Malawi,MWI,2002,20.16
1582,Malawi,MWI,2003,19.49
1583,Malawi,MWI,2004,22.88
1584,Malawi,MWI,2005,19.87
1585,Malawi,MWI,2006,24.15
1586,Malawi,MWI,2007,26.9
1587,Malawi,MWI,2008,27.39
1588,Malawi,MWI,2009,19.82
1589,Malawi,MWI,2010,25.17
1590,Malawi,MWI,2011,22.74
1591,Malawi,MWI,2012,15.64
1592,Malawi,MWI,2013,15.68
1593,Malawi,MWI,2014,31.13
1594,Malawi,MWI,2015,18.74
1595,Malawi,MWI,2016,18.74
1596,Malawi,MWI,2017,18.74
1597,Malaysia,MYS,2002,66.71
1598,Malaysia,MYS,2003,62.85
1599,Malaysia,MYS,2004,82.66
1600,Malaysia,MYS,2005,92.67
1601,Malaysia,MYS,2006,86.49
1602,Malaysia,MYS,2007,101.18
1603,Malaysia,MYS,2008,131.53
1604,Malaysia,MYS,2009,137.2
1605,Malaysia,MYS,2010,93.02
1606,Malaysia,MYS,2011,29.15
1607,Malaysia,MYS,2012,52.59
1608,Malaysia,MYS,2013,34.06
1609,Malaysia,MYS,2014,40.85
1610,Malaysia,MYS,2015,36.62
1611,Malaysia,MYS,2016,33.79
1612,Malaysia,MYS,2017,33.79
1613,Maldives,MDV,2002,0.82
1614,Maldives,MDV,2003,1.09
1615,Maldives,MDV,2004,2.0
1616,Maldives,MDV,2005,4.25
1617,Maldives,MDV,2006,17.0
1618,Maldives,MDV,2007,36.57
1619,Maldives,MDV,2008,9.14
1620,Maldives,MDV,2009,20.14
1621,Maldives,MDV,2010,18.41
1622,Maldives,MDV,2011,10.14
1623,Maldives,MDV,2012,43.89
1624,Maldives,MDV,2013,37.17
1625,Maldives,MDV,2014,29.44
1626,Maldives,MDV,2015,34.44
1627,Maldives,MDV,2016,49.08
1628,Maldives,MDV,2017,50.72
1629,Mali,MLI,2004,29.66
1630,Mali,MLI,2005,10.31
1631,Mali,MLI,2006,11.41
1632,Mali,MLI,2007,14.66
1633,Mali,MLI,2008,15.11
1634,Mali,MLI,2009,4.17
1635,Mali,MLI,2010,12.15
1636,Mali,MLI,2011,15.73
1637,Mali,MLI,2012,16.32
1638,Mali,MLI,2013,19.42
1639,Mali,MLI,2014,20.83
1640,Mali,MLI,2015,23.17
1641,Mali,MLI,2016,25.51
1642,Mali,MLI,2017,22.82
1643,Malta,MLT,2002,59.8
1644,Malta,MLT,2003,50.1
1645,Malta,MLT,2004,64.3
1646,Malta,MLT,2005,62.15
1647,Malta,MLT,2006,100.65
1648,Malta,MLT,2007,61.4
1649,Malta,MLT,2008,36.45
1650,Malta,MLT,2009,44.62
1651,Malta,MLT,2010,39.69
1652,Malta,MLT,2011,44.53
1653,Malta,MLT,2012,190.83
1654,Malta,MLT,2013,331.54
1655,Malta,MLT,2014,377.97
1656,Malta,MLT,2015,399.57
1657,Malta,MLT,2016,204.47
1658,Malta,MLT,2017,60.09
1659,Marshall Islands,MHL,2002,0.09
1660,Marshall Islands,MHL,2003,0.07
1661,Marshall Islands,MHL,2004,0.05
1662,Marshall Islands,MHL,2005,0.14
1663,Marshall Islands,MHL,2006,0.07
1664,Marshall Islands,MHL,2007,0.0
1665,Marshall Islands,MHL,2008,44.03
1666,Marshall Islands,MHL,2009,0.0
1667,Marshall Islands,MHL,2010,0.09
1668,Marshall Islands,MHL,2011,0.0
1669,Marshall Islands,MHL,2012,0.0
1670,Marshall Islands,MHL,2013,0.0
1671,Marshall Islands,MHL,2014,0.0
1672,Marshall Islands,MHL,2015,0.0
1673,Marshall Islands,MHL,2016,0.0
1674,Marshall Islands,MHL,2017,0.0
1675,Mauritius,MUS,2002,118.58
1676,Mauritius,MUS,2003,116.76
1677,Mauritius,MUS,2004,115.37
1678,Mauritius,MUS,2005,111.33
1679,Mauritius,MUS,2006,99.01
1680,Mauritius,MUS,2007,103.71
1681,Mauritius,MUS,2008,86.9
1682,Mauritius,MUS,2009,82.79
1683,Mauritius,MUS,2010,61.01
1684,Mauritius,MUS,2011,94.45
1685,Mauritius,MUS,2012,130.57
1686,Mauritius,MUS,2013,96.14
1687,Mauritius,MUS,2014,134.91
1688,Mauritius,MUS,2015,83.16
1689,Mauritius,MUS,2016,114.62
1690,Mauritius,MUS,2017,106.05
1691,Melanesia,OWID_MNS,2002,13.92
1692,Melanesia,OWID_MNS,2003,10.61
1693,Melanesia,OWID_MNS,2004,21.04
1694,Melanesia,OWID_MNS,2005,19.22
1695,Melanesia,OWID_MNS,2006,14.52
1696,Melanesia,OWID_MNS,2007,15.29
1697,Melanesia,OWID_MNS,2008,16.61
1698,Melanesia,OWID_MNS,2009,17.51
1699,Melanesia,OWID_MNS,2010,15.04
1700,Melanesia,OWID_MNS,2011,12.52
1701,Melanesia,OWID_MNS,2012,16.56
1702,Melanesia,OWID_MNS,2013,16.45
1703,Melanesia,OWID_MNS,2014,16.16
1704,Melanesia,OWID_MNS,2015,21.48
1705,Melanesia,OWID_MNS,2016,20.46
1706,Melanesia,OWID_MNS,2017,25.38
1707,Mexico,MEX,2002,34.47
1708,Mexico,MEX,2003,35.41
1709,Mexico,MEX,2004,36.48
1710,Mexico,MEX,2005,47.08
1711,Mexico,MEX,2006,40.73
1712,Mexico,MEX,2007,43.67
1713,Mexico,MEX,2008,36.7
1714,Mexico,MEX,2009,41.84
1715,Mexico,MEX,2010,44.45
1716,Mexico,MEX,2011,46.07
1717,Mexico,MEX,2012,63.23
1718,Mexico,MEX,2013,77.92
1719,Mexico,MEX,2014,44.11
1720,Mexico,MEX,2015,39.45
1721,Mexico,MEX,2016,60.15
1722,Mexico,MEX,2017,54.79
1755,Moldova,MDA,2002,6.86
1756,Moldova,MDA,2003,6.21
1757,Moldova,MDA,2004,6.64
1758,Moldova,MDA,2005,6.93
1759,Moldova,MDA,2006,6.03
1760,Moldova,MDA,2007,8.07
1761,Moldova,MDA,2008,9.38
1762,Moldova,MDA,2009,6.88
1763,Moldova,MDA,2010,7.74
1764,Moldova,MDA,2011,9.1
1765,Moldova,MDA,2012,12.75
1766,Moldova,MDA,2013,16.11
1767,Moldova,MDA,2014,20.42
1768,Moldova,MDA,2015,35.62
1769,Moldova,MDA,2016,46.85
1770,Moldova,MDA,2017,49.57
1771,Mongolia,MNG,2002,5.87
1772,Mongolia,MNG,2003,5.65
1773,Mongolia,MNG,2004,8.32
1774,Mongolia,MNG,2005,5.25
1775,Mongolia,MNG,2006,9.33
1776,Mongolia,MNG,2007,8.48
1777,Mongolia,MNG,2008,8.28
1778,Mongolia,MNG,2009,12.05
1779,Mongolia,MNG,2010,17.87
1780,Mongolia,MNG,2011,22.69
1781,Mongolia,MNG,2012,26.01
1782,Mongolia,MNG,2013,44.39
1783,Mongolia,MNG,2014,33.43
1784,Mongolia,MNG,2015,36.15
1785,Mongolia,MNG,2016,40.13
1786,Mongolia,MNG,2017,62.34
1787,Morocco,MAR,2002,26.73
1788,Morocco,MAR,2003,21.01
1789,Morocco,MAR,2004,25.61
1790,Morocco,MAR,2005,37.53
1791,Morocco,MAR,2006,35.92
1792,Morocco,MAR,2007,34.02
1793,Morocco,MAR,2008,30.63
1794,Morocco,MAR,2009,21.77
1795,Morocco,MAR,2010,24.51
1796,Morocco,MAR,2011,24.32
1797,Morocco,MAR,2012,19.72
1798,Morocco,MAR,2013,24.93
1799,Morocco,MAR,2014,25.66
1800,Morocco,MAR,2015,26.89
1801,Morocco,MAR,2016,26.73
1802,Morocco,MAR,2017,25.92
1803,Mozambique,MOZ,2002,3.77
1804,Mozambique,MOZ,2003,0.39
1805,Mozambique,MOZ,2004,0.7
1806,Mozambique,MOZ,2005,1.22
1807,Mozambique,MOZ,2006,3.33
1808,Mozambique,MOZ,2007,2.1
1809,Mozambique,MOZ,2008,7.41
1810,Mozambique,MOZ,2009,2.62
1811,Mozambique,MOZ,2010,7.29
1812,Mozambique,MOZ,2011,5.48
1813,Mozambique,MOZ,2012,4.0
1814,Mozambique,MOZ,2013,4.48
1815,Mozambique,MOZ,2014,5.64
1816,Mozambique,MOZ,2015,2.03
1817,Mozambique,MOZ,2016,3.23
1818,Mozambique,MOZ,2017,3.8
1819,Myanmar,MMR,2002,3.04
1820,Myanmar,MMR,2003,6.45
1821,Myanmar,MMR,2004,9.47
1822,Myanmar,MMR,2005,4.91
1823,Myanmar,MMR,2006,5.94
1824,Myanmar,MMR,2007,6.89
1825,Myanmar,MMR,2008,5.2
1826,Myanmar,MMR,2009,4.75
1827,Myanmar,MMR,2010,4.2
1828,Myanmar,MMR,2011,9.47
1829,Myanmar,MMR,2012,10.7
1830,Myanmar,MMR,2013,15.06
1831,Myanmar,MMR,2014,19.15
1832,Myanmar,MMR,2015,17.75
1833,Myanmar,MMR,2016,11.12
1834,Myanmar,MMR,2017,20.38
1835,Namibia,NAM,2002,3.56
1836,Namibia,NAM,2003,0.98
1837,Namibia,NAM,2004,2.41
1838,Namibia,NAM,2005,1.22
1839,Namibia,NAM,2006,2.31
1840,Namibia,NAM,2007,1.65
1841,Namibia,NAM,2008,0.26
1842,Namibia,NAM,2009,1.57
1843,Namibia,NAM,2010,3.52
1844,Namibia,NAM,2011,6.01
1845,Namibia,NAM,2012,12.98
1846,Namibia,NAM,2013,9.55
1847,Namibia,NAM,2014,4.79
1848,Namibia,NAM,2015,12.82
1849,Namibia,NAM,2016,24.26
1850,Namibia,NAM,2017,23.26
1851,Nauru,NRU,2012,0.0
1852,Nauru,NRU,2013,0.0
1853,Nauru,NRU,2014,0.0
1854,Nauru,NRU,2015,0.0
1855,Nauru,NRU,2016,0.0
1856,Nauru,NRU,2017,0.0
1857,Nepal,NPL,2002,8.9
1858,Nepal,NPL,2003,2.24
1859,Nepal,NPL,2004,3.34
1860,Nepal,NPL,2005,1.18
1861,Nepal,NPL,2006,3.67
1862,Nepal,NPL,2007,0.82
1863,Nepal,NPL,2008,1.18
1864,Nepal,NPL,2009,12.07
1865,Nepal,NPL,2010,18.5
1866,Nepal,NPL,2011,23.49
1867,Nepal,NPL,2012,19.75
1868,Nepal,NPL,2013,33.66
1869,Nepal,NPL,2014,41.59
1870,Nepal,NPL,2015,45.49
1871,Nepal,NPL,2016,42.45
1872,Nepal,NPL,2017,39.4
1889,Netherlands,NLD,2002,307.9
1890,Netherlands,NLD,2003,309.76
1891,Netherlands,NLD,2004,259.36
1892,Netherlands,NLD,2005,244.35
1893,Netherlands,NLD,2006,261.01
1894,Netherlands,NLD,2007,220.55
1895,Netherlands,NLD,2008,209.77
1896,Netherlands,NLD,2009,205.64
1897,Netherlands,NLD,2010,205.82
1898,Netherlands,NLD,2011,203.68
1899,Netherlands,NLD,2012,220.67
1900,Netherlands,NLD,2013,187.99
1901,Netherlands,NLD,2014,205.01
1902,Netherlands,NLD,2015,225.37
1903,Netherlands,NLD,2016,244.89
1904,Netherlands,NLD,2017,242.84
1905,New Caledonia,NCL,2002,68.68
1906,New Caledonia,NCL,2003,141.7
1907,New Caledonia,NCL,2004,56.7
1908,New Caledonia,NCL,2005,74.06
1909,New Caledonia,NCL,2006,59.72
1910,New Caledonia,NCL,2007,74.43
1911,New Caledonia,NCL,2008,50.85
1912,New Caledonia,NCL,2009,33.58
1913,New Caledonia,NCL,2010,52.74
1914,New Caledonia,NCL,2011,66.6
1915,New Caledonia,NCL,2012,77.3
1916,New Caledonia,NCL,2013,48.92
1917,New Caledonia,NCL,2014,54.59
1918,New Caledonia,NCL,2015,54.59
1919,New Caledonia,NCL,2016,54.88
1920,New Caledonia,NCL,2017,54.88
1921,Nicaragua,NIC,2002,15.54
1922,Nicaragua,NIC,2003,15.8
1923,Nicaragua,NIC,2004,15.03
1924,Nicaragua,NIC,2005,15.55
1925,Nicaragua,NIC,2006,19.85
1926,Nicaragua,NIC,2007,19.99
1927,Nicaragua,NIC,2008,17.1
1928,Nicaragua,NIC,2009,24.31
1929,Nicaragua,NIC,2010,21.83
1930,Nicaragua,NIC,2011,30.56
1931,Nicaragua,NIC,2012,35.77
1932,Nicaragua,NIC,2013,20.27
1933,Nicaragua,NIC,2014,28.25
1934,Nicaragua,NIC,2015,31.27
1935,Nicaragua,NIC,2016,33.21
1936,Nicaragua,NIC,2017,43.38
1937,Niger,NER,2002,0.47
1938,Niger,NER,2003,0.18
1939,Niger,NER,2004,0.15
1940,Niger,NER,2005,0.2
1941,Niger,NER,2006,0.29
1942,Niger,NER,2007,0.17
1943,Niger,NER,2008,0.1
1944,Niger,NER,2009,0.22
1945,Niger,NER,2010,0.32
1946,Niger,NER,2011,0.24
1947,Niger,NER,2012,0.8
1948,Niger,NER,2013,0.42
1949,Niger,NER,2014,0.75
1950,Niger,NER,2015,0.4
1951,Niger,NER,2016,0.37
1952,Niger,NER,2017,0.36
1953,Nigeria,NGA,2002,3.1
1954,Nigeria,NGA,2003,4.05
1955,Nigeria,NGA,2004,2.8
1956,Nigeria,NGA,2005,5.03
1957,Nigeria,NGA,2006,5.04
1958,Nigeria,NGA,2007,1.62
1959,Nigeria,NGA,2008,2.95
1960,Nigeria,NGA,2009,2.57
1961,Nigeria,NGA,2010,6.63
1962,Nigeria,NGA,2011,3.4
1963,Nigeria,NGA,2012,4.62
1964,Nigeria,NGA,2013,6.66
1965,Nigeria,NGA,2014,5.98
1966,Nigeria,NGA,2015,4.84
1967,Nigeria,NGA,2016,7.13
1968,Nigeria,NGA,2017,10.98
1969,North Macedonia,MKD,2002,16.52
1970,North Macedonia,MKD,2003,23.36
1971,North Macedonia,MKD,2004,29.53
1972,North Macedonia,MKD,2005,37.15
1973,North Macedonia,MKD,2006,35.79
1974,North Macedonia,MKD,2007,40.46
1975,North Macedonia,MKD,2008,34.08
1976,North Macedonia,MKD,2009,38.27
1977,North Macedonia,MKD,2010,43.31
1978,North Macedonia,MKD,2011,40.41
1979,North Macedonia,MKD,2012,37.2
1980,North Macedonia,MKD,2013,42.92
1981,North Macedonia,MKD,2014,45.4
1982,North Macedonia,MKD,2015,43.37
1983,North Macedonia,MKD,2016,49.39
1984,North Macedonia,MKD,2017,45.94
2033,Norway,NOR,2002,112.31
2034,Norway,NOR,2003,117.11
2035,Norway,NOR,2004,118.29
2036,Norway,NOR,2005,121.74
2037,Norway,NOR,2006,119.4
2038,Norway,NOR,2007,124.0
2039,Norway,NOR,2008,126.75
2040,Norway,NOR,2009,110.48
2041,Norway,NOR,2010,102.84
2042,Norway,NOR,2011,116.73
2043,Norway,NOR,2012,115.72
2044,Norway,NOR,2013,117.82
2045,Norway,NOR,2014,122.31
2046,Norway,NOR,2015,126.64
2047,Norway,NOR,2016,126.45
2048,Norway,NOR,2017,123.45
2081,Oman,OMN,2002,23.37
2082,Oman,OMN,2003,23.49
2083,Oman,OMN,2004,23.82
2084,Oman,OMN,2005,26.38
2085,Oman,OMN,2006,27.22
2086,Oman,OMN,2007,19.31
2087,Oman,OMN,2008,18.73
2088,Oman,OMN,2009,16.96
2089,Oman,OMN,2010,17.29
2090,Oman,OMN,2011,10.46
2091,Oman,OMN,2012,80.43
2092,Oman,OMN,2013,105.62
2093,Oman,OMN,2014,138.59
2094,Oman,OMN,2015,114.88
2095,Oman,OMN,2016,112.18
2096,Oman,OMN,2017,94.48
2097,Pakistan,PAK,2002,74.8
2098,Pakistan,PAK,2003,77.13
2099,Pakistan,PAK,2004,82.79
2100,Pakistan,PAK,2005,91.03
2101,Pakistan,PAK,2006,92.15
2102,Pakistan,PAK,2007,87.51
2103,Pakistan,PAK,2008,96.59
2104,Pakistan,PAK,2009,114.01
2105,Pakistan,PAK,2010,108.15
2106,Pakistan,PAK,2011,103.03
2107,Pakistan,PAK,2012,91.77
2108,Pakistan,PAK,2013,103.57
2109,Pakistan,PAK,2014,100.45
2110,Pakistan,PAK,2015,101.29
2111,Pakistan,PAK,2016,101.97
2112,Pakistan,PAK,2017,107.71
2113,Panama,PAN,2002,21.43
2114,Panama,PAN,2003,24.89
2115,Panama,PAN,2004,21.52
2116,Panama,PAN,2005,22.06
2117,Panama,PAN,2006,25.08
2118,Panama,PAN,2007,20.29
2119,Panama,PAN,2008,21.61
2120,Panama,PAN,2009,24.02
2121,Panama,PAN,2010,28.52
2122,Panama,PAN,2011,17.45
2123,Panama,PAN,2012,30.29
2124,Panama,PAN,2013,35.58
2125,Panama,PAN,2014,21.27
2126,Panama,PAN,2015,21.74
2127,Panama,PAN,2016,12.73
2128,Panama,PAN,2017,16.0
2129,Papua New Guinea,PNG,2002,6.08
2130,Papua New Guinea,PNG,2003,8.33
2131,Papua New Guinea,PNG,2004,17.77
2132,Papua New Guinea,PNG,2005,16.47
2133,Papua New Guinea,PNG,2006,13.31
2134,Papua New Guinea,PNG,2007,14.35
2135,Papua New Guinea,PNG,2008,13.7
2136,Papua New Guinea,PNG,2009,19.01
2137,Papua New Guinea,PNG,2010,15.97
2138,Papua New Guinea,PNG,2011,11.56
2139,Papua New Guinea,PNG,2012,16.13
2140,Papua New Guinea,PNG,2013,16.53
2141,Papua New Guinea,PNG,2014,17.02
2142,Papua New Guinea,PNG,2015,20.68
2143,Papua New Guinea,PNG,2016,21.0
2144,Papua New Guinea,PNG,2017,26.36
2145,Paraguay,PRY,2002,10.56
2146,Paraguay,PRY,2003,12.33
2147,Paraguay,PRY,2004,14.62
2148,Paraguay,PRY,2005,11.77
2149,Paraguay,PRY,2006,13.12
2150,Paraguay,PRY,2007,20.55
2151,Paraguay,PRY,2008,15.32
2152,Paraguay,PRY,2009,14.37
2153,Paraguay,PRY,2010,19.29
2154,Paraguay,PRY,2011,22.91
2155,Paraguay,PRY,2012,21.04
2156,Paraguay,PRY,2013,23.99
2157,Paraguay,PRY,2014,27.15
2158,Paraguay,PRY,2015,23.66
2159,Paraguay,PRY,2016,24.24
2160,Paraguay,PRY,2017,27.04
2161,Peru,PER,2002,43.99
2162,Peru,PER,2003,42.19
2163,Peru,PER,2004,44.14
2164,Peru,PER,2005,35.92
2165,Peru,PER,2006,39.71
2166,Peru,PER,2007,47.57
2167,Peru,PER,2008,38.68
2168,Peru,PER,2009,48.52
2169,Peru,PER,2010,41.44
2170,Peru,PER,2011,46.61
2171,Peru,PER,2012,48.12
2172,Peru,PER,2013,45.39
2173,Peru,PER,2014,50.17
2174,Peru,PER,2015,62.23
2175,Peru,PER,2016,59.2
2176,Peru,PER,2017,67.82
2177,Philippines,PHL,2002,46.21
2178,Philippines,PHL,2003,58.79
2179,Philippines,PHL,2004,63.17
2180,Philippines,PHL,2005,55.21
2181,Philippines,PHL,2006,47.06
2182,Philippines,PHL,2007,50.53
2183,Philippines,PHL,2008,38.18
2184,Philippines,PHL,2009,40.39
2185,Philippines,PHL,2010,55.96
2186,Philippines,PHL,2011,48.18
2187,Philippines,PHL,2012,43.0
2188,Philippines,PHL,2013,48.21
2189,Philippines,PHL,2014,54.44
2190,Philippines,PHL,2015,48.39
2191,Philippines,PHL,2016,57.05
2192,Philippines,PHL,2017,70.06
2193,Poland,POL,2002,62.36
2194,Poland,POL,2003,69.37
2195,Poland,POL,2004,69.07
2196,Poland,POL,2005,79.6
2197,Poland,POL,2006,82.9
2198,Poland,POL,2007,93.65
2199,Poland,POL,2008,88.22
2200,Poland,POL,2009,82.3
2201,Poland,POL,2010,97.25
2202,Poland,POL,2011,95.29
2203,Poland,POL,2012,104.13
2204,Poland,POL,2013,98.04
2205,Poland,POL,2014,88.78
2206,Poland,POL,2015,92.48
2207,Poland,POL,2016,102.74
2208,Poland,POL,2017,104.42
2209,Polynesia,OWID_PYA,2002,4.41
2210,Polynesia,OWID_PYA,2003,42.75
2211,Polynesia,OWID_PYA,2004,12.49
2212,Polynesia,OWID_PYA,2005,9.27
2213,Polynesia,OWID_PYA,2006,7.29
2214,Polynesia,OWID_PYA,2007,4.05
2215,Polynesia,OWID_PYA,2008,6.93
2216,Polynesia,OWID_PYA,2009,55.63
2217,Polynesia,OWID_PYA,2010,42.75
2218,Polynesia,OWID_PYA,2011,11.5
2219,Polynesia,OWID_PYA,2012,36.0
2220,Polynesia,OWID_PYA,2013,37.92
2221,Polynesia,OWID_PYA,2014,3.39
2222,Polynesia,OWID_PYA,2015,4.96
2223,Polynesia,OWID_PYA,2016,5.68
2224,Polynesia,OWID_PYA,2017,5.51
2225,Portugal,PRT,2002,68.05
2226,Portugal,PRT,2003,47.5
2227,Portugal,PRT,2004,56.24
2228,Portugal,PRT,2005,49.96
2229,Portugal,PRT,2006,44.07
2230,Portugal,PRT,2007,60.13
2231,Portugal,PRT,2008,54.1
2232,Portugal,PRT,2009,50.91
2233,Portugal,PRT,2010,53.85
2234,Portugal,PRT,2011,51.43
2235,Portugal,PRT,2012,57.58
2236,Portugal,PRT,2013,58.71
2237,Portugal,PRT,2014,70.37
2238,Portugal,PRT,2015,64.71
2239,Portugal,PRT,2016,60.5
2240,Portugal,PRT,2017,59.38
2241,Romania,ROU,2002,24.25
2242,Romania,ROU,2003,25.62
2243,Romania,ROU,2004,28.91
2244,Romania,ROU,2005,31.51
2245,Romania,ROU,2006,26.81
2246,Romania,ROU,2007,29.06
2247,Romania,ROU,2008,30.48
2248,Romania,ROU,2009,32.01
2249,Romania,ROU,2010,31.82
2250,Romania,ROU,2011,33.2
2251,Romania,ROU,2012,31.37
2252,Romania,ROU,2013,37.49
2253,Romania,ROU,2014,32.99
2254,Romania,ROU,2015,38.83
2255,Romania,ROU,2016,38.26
2256,Romania,ROU,2017,38.44
2257,Russia,RUS,2002,5.22
2258,Russia,RUS,2003,6.8
2259,Russia,RUS,2004,6.76
2260,Russia,RUS,2005,6.99
2261,Russia,RUS,2006,7.41
2262,Russia,RUS,2007,8.46
2263,Russia,RUS,2008,9.8
2264,Russia,RUS,2009,10.03
2265,Russia,RUS,2010,9.67
2266,Russia,RUS,2011,10.24
2267,Russia,RUS,2012,9.57
2268,Russia,RUS,2013,9.47
2269,Russia,RUS,2014,9.69
2270,Russia,RUS,2015,10.25
2271,Russia,RUS,2016,11.73
2272,Russia,RUS,2017,12.27
2273,Rwanda,RWA,2003,0.65
2274,Rwanda,RWA,2004,0.52
2275,Rwanda,RWA,2005,0.91
2276,Rwanda,RWA,2006,0.44
2277,Rwanda,RWA,2007,1.89
2278,Rwanda,RWA,2008,2.05
2279,Rwanda,RWA,2009,0.39
2280,Rwanda,RWA,2010,0.07
2281,Rwanda,RWA,2011,0.06
2282,Rwanda,RWA,2012,1.65
2283,Rwanda,RWA,2013,4.69
2284,Rwanda,RWA,2014,4.96
2285,Rwanda,RWA,2015,7.92
2286,Rwanda,RWA,2016,3.09
2287,Rwanda,RWA,2017,3.09
2288,Saint Kitts and Nevis,KNA,2002,3.8
2289,Saint Kitts and Nevis,KNA,2003,3.8
2290,Saint Kitts and Nevis,KNA,2004,3.84
2291,Saint Kitts and Nevis,KNA,2005,6.75
2292,Saint Kitts and Nevis,KNA,2006,10.47
2293,Saint Kitts and Nevis,KNA,2007,5.38
2294,Saint Kitts and Nevis,KNA,2008,8.29
2295,Saint Kitts and Nevis,KNA,2009,5.48
2296,Saint Kitts and Nevis,KNA,2010,5.0
2297,Saint Kitts and Nevis,KNA,2011,4.71
2298,Saint Kitts and Nevis,KNA,2012,4.71
2299,Saint Kitts and Nevis,KNA,2013,0.0
2300,Saint Kitts and Nevis,KNA,2014,8.42
2301,Saint Kitts and Nevis,KNA,2015,1.71
2302,Saint Kitts and Nevis,KNA,2016,3.25
2303,Saint Kitts and Nevis,KNA,2017,2.52
2304,Saint Lucia,LCA,2008,1.58
2305,Saint Lucia,LCA,2009,9.2
2306,Saint Lucia,LCA,2010,25.2
2307,Saint Lucia,LCA,2011,15.5
2308,Saint Lucia,LCA,2012,31.65
2309,Saint Lucia,LCA,2013,20.51
2310,Saint Lucia,LCA,2014,40.07
2311,Saint Lucia,LCA,2015,42.93
2312,Saint Lucia,LCA,2016,28.32
2313,Saint Lucia,LCA,2017,12.58
2314,Samoa,WSM,2002,0.09
2315,Samoa,WSM,2003,0.17
2316,Samoa,WSM,2004,0.35
2317,Samoa,WSM,2005,0.32
2318,Samoa,WSM,2006,0.25
2319,Samoa,WSM,2007,0.46
2320,Samoa,WSM,2008,0.56
2321,Samoa,WSM,2009,0.37
2322,Samoa,WSM,2010,0.2
2323,Samoa,WSM,2011,0.13
2324,Samoa,WSM,2012,0.02
2325,Samoa,WSM,2013,0.29
2326,Samoa,WSM,2014,0.23
2327,Samoa,WSM,2015,0.05
2328,Samoa,WSM,2016,0.42
2329,Samoa,WSM,2017,0.12
2330,Saudi Arabia,SAU,2002,59.14
2331,Saudi Arabia,SAU,2003,61.87
2332,Saudi Arabia,SAU,2004,64.17
2333,Saudi Arabia,SAU,2005,52.19
2334,Saudi Arabia,SAU,2006,56.07
2335,Saudi Arabia,SAU,2007,60.14
2336,Saudi Arabia,SAU,2008,39.19
2337,Saudi Arabia,SAU,2009,37.85
2338,Saudi Arabia,SAU,2010,36.7
2339,Saudi Arabia,SAU,2011,37.63
2340,Saudi Arabia,SAU,2012,36.47
2341,Saudi Arabia,SAU,2013,53.6
2342,Saudi Arabia,SAU,2014,47.58
2343,Saudi Arabia,SAU,2015,55.76
2344,Saudi Arabia,SAU,2016,58.22
2345,Saudi Arabia,SAU,2017,58.33
2346,Senegal,SEN,2002,6.26
2347,Senegal,SEN,2003,4.39
2348,Senegal,SEN,2004,6.46
2349,Senegal,SEN,2005,3.84
2350,Senegal,SEN,2006,0.56
2351,Senegal,SEN,2007,0.5
2352,Senegal,SEN,2008,0.5
2353,Senegal,SEN,2009,4.76
2354,Senegal,SEN,2010,7.04
2355,Senegal,SEN,2011,5.9
2356,Senegal,SEN,2012,5.76
2357,Senegal,SEN,2013,6.53
2358,Senegal,SEN,2014,6.56
2359,Senegal,SEN,2015,8.65
2360,Senegal,SEN,2016,8.63
2361,Senegal,SEN,2017,8.63
2362,Serbia,SRB,2006,84.82
2363,Serbia,SRB,2007,111.8
2364,Serbia,SRB,2008,77.43
2365,Serbia,SRB,2009,119.19
2366,Serbia,SRB,2010,75.04
2367,Serbia,SRB,2011,85.88
2368,Serbia,SRB,2012,121.48
2369,Serbia,SRB,2013,112.94
2370,Serbia,SRB,2014,73.44
2371,Serbia,SRB,2015,72.39
2372,Serbia,SRB,2016,87.08
2373,Serbia,SRB,2017,81.44
2374,Serbia and Montenegro,OWID_SRM,2002,51.66
2375,Serbia and Montenegro,OWID_SRM,2003,44.95
2376,Serbia and Montenegro,OWID_SRM,2004,81.95
2377,Serbia and Montenegro,OWID_SRM,2005,72.46
2378,Seychelles,SYC,2003,2.0
2379,Seychelles,SYC,2004,0.75
2380,Seychelles,SYC,2005,2.5
2381,Seychelles,SYC,2006,1.0
2382,Seychelles,SYC,2007,8.33
2383,Seychelles,SYC,2008,4.67
2384,Seychelles,SYC,2009,8.28
2385,Seychelles,SYC,2010,4.17
2386,Seychelles,SYC,2011,20.0
2387,Seychelles,SYC,2012,25.96
2388,Seychelles,SYC,2013,16.85
2389,Seychelles,SYC,2014,23.72
2390,Seychelles,SYC,2015,37.15
2391,Seychelles,SYC,2016,30.61
2392,Seychelles,SYC,2017,32.57
2393,Slovakia,SVK,2002,56.54
2394,Slovakia,SVK,2003,55.46
2395,Slovakia,SVK,2004,57.27
2396,Slovakia,SVK,2005,55.53
2397,Slovakia,SVK,2006,63.39
2398,Slovakia,SVK,2007,62.58
2399,Slovakia,SVK,2008,54.85
2400,Slovakia,SVK,2009,61.79
2401,Slovakia,SVK,2010,65.59
2402,Slovakia,SVK,2011,71.56
2403,Slovakia,SVK,2012,80.41
2404,Slovakia,SVK,2013,82.16
2405,Slovakia,SVK,2014,86.38
2406,Slovakia,SVK,2015,83.9
2407,Slovakia,SVK,2016,92.48
2408,Slovakia,SVK,2017,90.04
2409,Slovenia,SVN,2002,166.67
2410,Slovenia,SVN,2003,168.49
2411,Slovenia,SVN,2004,146.21
2412,Slovenia,SVN,2005,141.49
2413,Slovenia,SVN,2006,145.37
2414,Slovenia,SVN,2007,145.37
2415,Slovenia,SVN,2008,106.57
2416,Slovenia,SVN,2009,115.11
2417,Slovenia,SVN,2010,115.64
2418,Slovenia,SVN,2011,113.97
2419,Slovenia,SVN,2012,111.6
2420,Slovenia,SVN,2013,114.9
2421,Slovenia,SVN,2014,120.67
2422,Slovenia,SVN,2015,119.32
2423,Slovenia,SVN,2016,113.99
2424,Slovenia,SVN,2017,113.78
2441,South Africa,ZAF,2002,33.83
2442,South Africa,ZAF,2003,30.06
2443,South Africa,ZAF,2004,31.26
2444,South Africa,ZAF,2005,25.62
2445,South Africa,ZAF,2006,33.08
2446,South Africa,ZAF,2007,33.91
2447,South Africa,ZAF,2008,32.18
2448,South Africa,ZAF,2009,34.75
2449,South Africa,ZAF,2010,30.47
2450,South Africa,ZAF,2011,33.67
2451,South Africa,ZAF,2012,34.64
2452,South Africa,ZAF,2013,33.55
2453,South Africa,ZAF,2014,36.05
2454,South Africa,ZAF,2015,32.45
2455,South Africa,ZAF,2016,32.45
2456,South Africa,ZAF,2017,32.45
2489,South Korea,KOR,2002,191.08
2490,South Korea,KOR,2003,195.54
2491,South Korea,KOR,2004,210.2
2492,South Korea,KOR,2005,228.78
2493,South Korea,KOR,2006,170.51
2494,South Korea,KOR,2007,194.94
2495,South Korea,KOR,2008,162.88
2496,South Korea,KOR,2009,130.1
2497,South Korea,KOR,2010,124.39
2498,South Korea,KOR,2011,129.6
2499,South Korea,KOR,2012,174.98
2500,South Korea,KOR,2013,139.25
2501,South Korea,KOR,2014,139.08
2502,South Korea,KOR,2015,134.37
2503,South Korea,KOR,2016,138.82
2504,South Korea,KOR,2017,133.8
2553,Spain,ESP,2002,57.39
2554,Spain,ESP,2003,66.66
2555,Spain,ESP,2004,59.75
2556,Spain,ESP,2005,51.77
2557,Spain,ESP,2006,55.17
2558,Spain,ESP,2007,56.67
2559,Spain,ESP,2008,42.83
2560,Spain,ESP,2009,45.37
2561,Spain,ESP,2010,54.65
2562,Spain,ESP,2011,49.83
2563,Spain,ESP,2012,48.09
2564,Spain,ESP,2013,56.12
2565,Spain,ESP,2014,64.11
2566,Spain,ESP,2015,62.14
2567,Spain,ESP,2016,57.66
2568,Spain,ESP,2017,63.54
2569,Sri Lanka,LKA,2002,98.29
2570,Sri Lanka,LKA,2003,78.06
2571,Sri Lanka,LKA,2004,87.29
2572,Sri Lanka,LKA,2005,87.71
2573,Sri Lanka,LKA,2006,87.62
2574,Sri Lanka,LKA,2007,82.88
2575,Sri Lanka,LKA,2008,97.17
2576,Sri Lanka,LKA,2009,87.79
2577,Sri Lanka,LKA,2010,76.19
2578,Sri Lanka,LKA,2011,91.43
2579,Sri Lanka,LKA,2012,73.01
2580,Sri Lanka,LKA,2013,55.54
2581,Sri Lanka,LKA,2014,99.06
2582,Sri Lanka,LKA,2015,98.01
2583,Sri Lanka,LKA,2016,51.21
2584,Sri Lanka,LKA,2017,47.71
2585,Sudan,SDN,2012,1.44
2586,Sudan,SDN,2013,2.28
2587,Sudan,SDN,2014,2.03
2588,Sudan,SDN,2015,3.85
2589,Sudan,SDN,2016,8.95
2590,Sudan,SDN,2017,8.2
2600,Suriname,SUR,2002,75.23
2601,Suriname,SUR,2003,91.69
2602,Suriname,SUR,2004,106.42
2603,Suriname,SUR,2005,76.51
2604,Suriname,SUR,2006,136.8
2605,Suriname,SUR,2007,99.37
2606,Suriname,SUR,2008,277.88
2607,Suriname,SUR,2009,120.03
2608,Suriname,SUR,2010,161.38
2609,Suriname,SUR,2011,146.7
2610,Suriname,SUR,2012,106.43
2611,Suriname,SUR,2013,98.03
2612,Suriname,SUR,2014,133.68
2613,Suriname,SUR,2015,152.44
2614,Suriname,SUR,2016,171.21
2615,Suriname,SUR,2017,174.89
2616,Sweden,SWE,2002,68.96
2617,Sweden,SWE,2003,67.48
2618,Sweden,SWE,2004,66.44
2619,Sweden,SWE,2005,59.75
2620,Sweden,SWE,2006,60.26
2621,Sweden,SWE,2007,63.1
2622,Sweden,SWE,2008,70.78
2623,Sweden,SWE,2009,53.88
2624,Sweden,SWE,2010,63.48
2625,Sweden,SWE,2011,65.46
2626,Sweden,SWE,2012,56.79
2627,Sweden,SWE,2013,61.82
2628,Sweden,SWE,2014,69.73
2629,Sweden,SWE,2015,73.45
2630,Sweden,SWE,2016,72.12
2631,Sweden,SWE,2017,77.28
2632,Switzerland,CHE,2002,93.78
2633,Switzerland,CHE,2003,100.4
2634,Switzerland,CHE,2004,106.71
2635,Switzerland,CHE,2005,124.01
2636,Switzerland,CHE,2006,123.57
2637,Switzerland,CHE,2007,112.99
2638,Switzerland,CHE,2008,123.07
2639,Switzerland,CHE,2009,118.73
2640,Switzerland,CHE,2010,118.62
2641,Switzerland,CHE,2011,108.76
2642,Switzerland,CHE,2012,91.89
2643,Switzerland,CHE,2013,114.22
2644,Switzerland,CHE,2014,115.66
2645,Switzerland,CHE,2015,117.51
2646,Switzerland,CHE,2016,124.04
2647,Switzerland,CHE,2017,114.78
2648,Syria,SYR,2002,40.88
2649,Syria,SYR,2003,44.04
2650,Syria,SYR,2004,40.24
2651,Syria,SYR,2005,47.9
2652,Syria,SYR,2006,49.33
2653,Syria,SYR,2007,46.3
2654,Syria,SYR,2008,47.69
2655,Syria,SYR,2009,37.14
2656,Syria,SYR,2010,20.92
2657,Syria,SYR,2011,23.26
2658,Syria,SYR,2012,19.49
2659,Syria,SYR,2013,4.38
2660,Syria,SYR,2014,5.05
2661,Syria,SYR,2015,4.56
2662,Syria,SYR,2016,3.1
2663,Syria,SYR,2017,1.11
2664,Tajikistan,TJK,2004,30.11
2665,Tajikistan,TJK,2005,32.76
2666,Tajikistan,TJK,2006,62.14
2667,Tajikistan,TJK,2007,63.34
2668,Tajikistan,TJK,2008,59.93
2669,Tajikistan,TJK,2009,54.47
2670,Tajikistan,TJK,2010,51.65
2671,Tajikistan,TJK,2011,56.13
2672,Tajikistan,TJK,2012,59.13
2673,Tajikistan,TJK,2013,58.88
2674,Tajikistan,TJK,2014,67.28
2675,Tajikistan,TJK,2015,68.97
2676,Tajikistan,TJK,2016,61.02
2677,Tajikistan,TJK,2017,70.74
2678,Tanzania,TZA,2002,2.18
2679,Tanzania,TZA,2003,2.59
2680,Tanzania,TZA,2004,3.09
2681,Tanzania,TZA,2005,2.95
2682,Tanzania,TZA,2006,3.45
2683,Tanzania,TZA,2007,3.56
2684,Tanzania,TZA,2008,3.35
2685,Tanzania,TZA,2009,5.03
2686,Tanzania,TZA,2010,4.94
2687,Tanzania,TZA,2011,4.74
2688,Tanzania,TZA,2012,3.6
2689,Tanzania,TZA,2013,6.91
2690,Tanzania,TZA,2014,5.37
2691,Tanzania,TZA,2015,4.89
2692,Tanzania,TZA,2016,6.87
2693,Tanzania,TZA,2017,6.77
2694,Thailand,THA,2002,57.32
2695,Thailand,THA,2003,67.11
2696,Thailand,THA,2004,61.88
2697,Thailand,THA,2005,56.01
2698,Thailand,THA,2006,56.74
2699,Thailand,THA,2007,65.89
2700,Thailand,THA,2008,62.21
2701,Thailand,THA,2009,74.58
2702,Thailand,THA,2010,79.32
2703,Thailand,THA,2011,78.44
2704,Thailand,THA,2012,76.92
2705,Thailand,THA,2013,77.19
2706,Thailand,THA,2014,72.43
2707,Thailand,THA,2015,64.51
2708,Thailand,THA,2016,69.52
2709,Thailand,THA,2017,69.52
2710,Togo,TGO,2002,1.95
2711,Togo,TGO,2003,2.49
2712,Togo,TGO,2004,1.73
2713,Togo,TGO,2005,3.06
2714,Togo,TGO,2006,1.88
2715,Togo,TGO,2007,2.2
2716,Togo,TGO,2008,0.0
2717,Togo,TGO,2009,1.45
2718,Togo,TGO,2010,3.46
2719,Togo,TGO,2011,4.99
2720,Togo,TGO,2012,2.41
2721,Togo,TGO,2013,3.25
2722,Togo,TGO,2014,0.55
2723,Togo,TGO,2015,0.2
2724,Togo,TGO,2016,4.38
2725,Togo,TGO,2017,1.51
2726,Tonga,TON,2002,1.12
2727,Tonga,TON,2003,144.62
2728,Tonga,TON,2004,29.42
2729,Tonga,TON,2005,20.23
2730,Tonga,TON,2006,11.26
2731,Tonga,TON,2007,0.22
2732,Tonga,TON,2008,3.89
2733,Tonga,TON,2009,156.21
2734,Tonga,TON,2010,114.71
2735,Tonga,TON,2011,21.86
2736,Tonga,TON,2012,97.67
2737,Tonga,TON,2013,103.36
2738,Tonga,TON,2014,1.72
2739,Tonga,TON,2015,1.94
2740,Tonga,TON,2016,3.47
2741,Tonga,TON,2017,3.9
2742,Trinidad and Tobago,TTO,2002,52.83
2743,Trinidad and Tobago,TTO,2003,52.83
2744,Trinidad and Tobago,TTO,2004,110.42
2745,Trinidad and Tobago,TTO,2005,112.77
2746,Trinidad and Tobago,TTO,2006,112.77
2747,Trinidad and Tobago,TTO,2007,112.77
2748,Trinidad and Tobago,TTO,2008,104.26
2749,Trinidad and Tobago,TTO,2009,110.64
2750,Trinidad and Tobago,TTO,2010,108.51
2751,Trinidad and Tobago,TTO,2011,106.38
2752,Trinidad and Tobago,TTO,2012,127.66
2753,Trinidad and Tobago,TTO,2013,127.66
2754,Trinidad and Tobago,TTO,2014,138.3
2755,Trinidad and Tobago,TTO,2015,138.3
2756,Trinidad and Tobago,TTO,2016,138.3
2757,Trinidad and Tobago,TTO,2017,138.3
2758,Tunisia,TUN,2002,18.62
2759,Tunisia,TUN,2003,23.04
2760,Tunisia,TUN,2004,15.98
2761,Tunisia,TUN,2005,19.42
2762,Tunisia,TUN,2006,14.87
2763,Tunisia,TUN,2007,17.14
2764,Tunisia,TUN,2008,15.96
2765,Tunisia,TUN,2009,16.09
2766,Tunisia,TUN,2010,25.12
2767,Tunisia,TUN,2011,14.06
2768,Tunisia,TUN,2012,18.18
2769,Tunisia,TUN,2013,14.43
2770,Tunisia,TUN,2014,22.4
2771,Tunisia,TUN,2015,21.44
2772,Tunisia,TUN,2016,11.77
2773,Tunisia,TUN,2017,23.04
2774,Turkey,TUR,2002,45.11
2775,Turkey,TUR,2003,51.51
2776,Turkey,TUR,2004,51.38
2777,Turkey,TUR,2005,51.57
2778,Turkey,TUR,2006,54.35
2779,Turkey,TUR,2007,54.53
2780,Turkey,TUR,2008,46.24
2781,Turkey,TUR,2009,62.96
2782,Turkey,TUR,2010,58.52
2783,Turkey,TUR,2011,53.28
2784,Turkey,TUR,2012,60.18
2785,Turkey,TUR,2013,66.53
2786,Turkey,TUR,2014,62.37
2787,Turkey,TUR,2015,62.11
2788,Turkey,TUR,2016,79.98
2789,Turkey,TUR,2017,75.46
2790,Uganda,UGA,2002,0.47
2791,Uganda,UGA,2003,0.54
2792,Uganda,UGA,2004,0.48
2793,Uganda,UGA,2005,0.32
2794,Uganda,UGA,2006,0.53
2795,Uganda,UGA,2007,0.47
2796,Uganda,UGA,2008,1.23
2797,Uganda,UGA,2009,0.8
2798,Uganda,UGA,2010,0.71
2799,Uganda,UGA,2011,0.84
2800,Uganda,UGA,2012,0.88
2801,Uganda,UGA,2013,1.05
2802,Uganda,UGA,2014,0.73
2803,Uganda,UGA,2015,0.23
2804,Uganda,UGA,2016,0.94
2805,Uganda,UGA,2017,0.84
2806,Ukraine,UKR,2002,13.26
2807,Ukraine,UKR,2003,10.77
2808,Ukraine,UKR,2004,10.34
2809,Ukraine,UKR,2005,11.3
2810,Ukraine,UKR,2006,14.0
2811,Ukraine,UKR,2007,17.34
2812,Ukraine,UKR,2008,22.05
2813,Ukraine,UKR,2009,19.02
2814,Ukraine,UKR,2010,23.21
2815,Ukraine,UKR,2011,26.92
2816,Ukraine,UKR,2012,27.84
2817,Ukraine,UKR,2013,30.97
2818,Ukraine,UKR,2014,30.33
2819,Ukraine,UKR,2015,29.26
2820,Ukraine,UKR,2016,35.56
2821,Ukraine,UKR,2017,40.55
2822,United Kingdom,GBR,2002,193.8
2823,United Kingdom,GBR,2003,197.09
2824,United Kingdom,GBR,2004,180.81
2825,United Kingdom,GBR,2005,173.65
2826,United Kingdom,GBR,2006,164.2
2827,United Kingdom,GBR,2007,163.27
2828,United Kingdom,GBR,2008,156.67
2829,United Kingdom,GBR,2009,166.78
2830,United Kingdom,GBR,2010,169.88
2831,United Kingdom,GBR,2011,163.75
2832,United Kingdom,GBR,2012,159.64
2833,United Kingdom,GBR,2013,167.98
2834,United Kingdom,GBR,2014,167.08
2835,United Kingdom,GBR,2015,169.31
2836,United Kingdom,GBR,2016,171.26
2837,United Kingdom,GBR,2017,168.5
2838,United States,USA,2002,62.29
2839,United States,USA,2003,66.51
2840,United States,USA,2004,66.57
2841,United States,USA,2005,65.18
2842,United States,USA,2006,69.73
2843,United States,USA,2007,70.43
2844,United States,USA,2008,67.95
2845,United States,USA,2009,65.68
2846,United States,USA,2010,68.93
2847,United States,USA,2011,75.73
2848,United States,USA,2012,77.47
2849,United States,USA,2013,77.01
2850,United States,USA,2014,75.41
2851,United States,USA,2015,74.24
2852,United States,USA,2016,73.79
2853,United States,USA,2017,72.61
2854,Uruguay,URY,2002,18.27
2855,Uruguay,URY,2003,46.19
2856,Uruguay,URY,2004,59.09
2857,Uruguay,URY,2005,51.59
2858,Uruguay,URY,2006,67.6
2859,Uruguay,URY,2007,61.34
2860,Uruguay,URY,2008,49.8
2861,Uruguay,URY,2009,47.27
2862,Uruguay,URY,2010,73.14
2863,Uruguay,URY,2011,59.03
2864,Uruguay,URY,2012,99.02
2865,Uruguay,URY,2013,84.53
2866,Uruguay,URY,2014,71.87
2867,Uruguay,URY,2015,44.76
2868,Uruguay,URY,2016,63.92
2869,Uruguay,URY,2017,62.98
2870,Uzbekistan,UZB,2002,115.81
2871,Uzbekistan,UZB,2003,116.7
2872,Uzbekistan,UZB,2004,99.52
2873,Uzbekistan,UZB,2005,110.9
2874,Uzbekistan,UZB,2006,115.41
2875,Uzbekistan,UZB,2007,116.75
2876,Uzbekistan,UZB,2008,124.19
2877,Uzbekistan,UZB,2009,133.05
2878,Uzbekistan,UZB,2010,139.65
2879,Uzbekistan,UZB,2011,146.35
2880,Uzbekistan,UZB,2012,142.33
2881,Uzbekistan,UZB,2013,152.78
2882,Uzbekistan,UZB,2014,158.3
2883,Uzbekistan,UZB,2015,160.44
2884,Uzbekistan,UZB,2016,163.16
2885,Uzbekistan,UZB,2017,163.27
2886,Venezuela,VEN,2002,57.58
2887,Venezuela,VEN,2003,58.18
2888,Venezuela,VEN,2004,61.19
2889,Venezuela,VEN,2005,65.57
2890,Venezuela,VEN,2006,53.95
2891,Venezuela,VEN,2007,65.72
2892,Venezuela,VEN,2008,90.93
2893,Venezuela,VEN,2009,84.05
2894,Venezuela,VEN,2010,90.1
2895,Venezuela,VEN,2011,84.91
2896,Venezuela,VEN,2012,77.41
2897,Venezuela,VEN,2013,72.88
2898,Venezuela,VEN,2014,71.11
2899,Venezuela,VEN,2015,71.02
2900,Venezuela,VEN,2016,76.42
2901,Venezuela,VEN,2017,76.42
2902,Vietnam,VNM,2002,128.86
2903,Vietnam,VNM,2003,139.54
2904,Vietnam,VNM,2004,142.92
2905,Vietnam,VNM,2005,117.05
2906,Vietnam,VNM,2006,104.88
2907,Vietnam,VNM,2007,121.82
2908,Vietnam,VNM,2008,75.7
2909,Vietnam,VNM,2009,160.9
2910,Vietnam,VNM,2010,118.22
2911,Vietnam,VNM,2011,97.71
2912,Vietnam,VNM,2012,116.83
2913,Vietnam,VNM,2013,159.47
2914,Vietnam,VNM,2014,133.3
2915,Vietnam,VNM,2015,147.38
2916,Vietnam,VNM,2016,134.34
2917,Vietnam,VNM,2017,134.37
2950,World,OWID_WRL,2002,56.21
2951,World,OWID_WRL,2003,58.47
2952,World,OWID_WRL,2004,59.68
2953,World,OWID_WRL,2005,59.9
2954,World,OWID_WRL,2006,61.59
2955,World,OWID_WRL,2007,64.28
2956,World,OWID_WRL,2008,63.81
2957,World,OWID_WRL,2009,64.6
2958,World,OWID_WRL,2010,66.93
2959,World,OWID_WRL,2011,68.88
2960,World,OWID_WRL,2012,68.59
2961,World,OWID_WRL,2013,69.82
2962,World,OWID_WRL,2014,70.04
2963,World,OWID_WRL,2015,68.44
2964,World,OWID_WRL,2016,69.23
2965,World,OWID_WRL,2017,69.8
2966,Yemen,YEM,2002,6.82
2967,Yemen,YEM,2003,3.29
2968,Yemen,YEM,2004,10.9
2969,Yemen,YEM,2005,2.59
2970,Yemen,YEM,2006,5.48
2971,Yemen,YEM,2007,16.12
2972,Yemen,YEM,2008,11.22
2973,Yemen,YEM,2009,9.5
2974,Yemen,YEM,2010,15.15
2975,Yemen,YEM,2011,9.5
2976,Yemen,YEM,2012,8.94
2977,Yemen,YEM,2013,17.88
2978,Yemen,YEM,2014,16.22
2979,Yemen,YEM,2015,0.66
2980,Yemen,YEM,2016,13.52
2981,Yemen,YEM,2017,9.51
2982,Zambia,ZMB,2002,15.42
2983,Zambia,ZMB,2003,14.72
2984,Zambia,ZMB,2004,20.77
2985,Zambia,ZMB,2005,18.7
2986,Zambia,ZMB,2006,16.15
2987,Zambia,ZMB,2007,18.68
2988,Zambia,ZMB,2008,17.24
2989,Zambia,ZMB,2009,17.89
2990,Zambia,ZMB,2010,22.59
2991,Zambia,ZMB,2011,32.04
2992,Zambia,ZMB,2012,25.9
2993,Zambia,ZMB,2013,37.67
2994,Zambia,ZMB,2014,35.97
2995,Zambia,ZMB,2015,43.15
2996,Zambia,ZMB,2016,49.04
2997,Zambia,ZMB,2017,54.92
2998,Zimbabwe,ZWE,2002,18.86
2999,Zimbabwe,ZWE,2003,20.67
3000,Zimbabwe,ZWE,2004,13.23
3001,Zimbabwe,ZWE,2005,12.1
3002,Zimbabwe,ZWE,2006,14.41
3003,Zimbabwe,ZWE,2007,14.0
3004,Zimbabwe,ZWE,2008,11.16
3005,Zimbabwe,ZWE,2009,15.75
3006,Zimbabwe,ZWE,2010,17.2
3007,Zimbabwe,ZWE,2011,13.85
3008,Zimbabwe,ZWE,2012,10.0
3009,Zimbabwe,ZWE,2013,9.07
3010,Zimbabwe,ZWE,2014,12.24
3011,Zimbabwe,ZWE,2015,10.39
3012,Zimbabwe,ZWE,2016,14.17
3013,Zimbabwe,ZWE,2017,14.17
